id,year,density,sex
D005,2005,NA,M
D009,2006,NA,M
D023,2005,NA,M
D035,2006,NA,M
D038,2006,NA,M
D057,2005,NA,M
D063,2006,NA,M
D067,2005,NA,M
D093,2006,NA,M
D109,2006,NA,M
D130,2005,10.4,M
D131,2005,10.4,M
D132,2005,10.4,M
D133,2005,10.4,M
D134,2005,10.4,M
D135,2005,10.4,M
D136,2005,10.4,M
D137,2005,10.4,M
D138,2005,10.4,M
D139,2005,10.4,M
D140,2005,10.4,M
D141,2005,10.4,M
D142,2005,10.4,M
D143,2005,10.4,M
D144,2005,10.4,M
D145,2005,10.4,M
D146,2005,10.4,M
D147,2005,10.4,M
D148,2005,10.4,M
D149,2005,10.4,M
D150,2005,10.4,M
D151,2005,10.4,M
D152,2005,10.4,M
D153,2005,10.4,M
D154,2005,10.4,M
D155,2005,10.4,M
D156,2005,10.4,M
D157,2005,10.4,M
D158,2005,10.4,M
D159,2005,10.4,M
D160,2005,10.4,M
D161,2005,10.4,M
D162,2005,10.4,M
D163,2005,10.4,M
D164,2005,10.4,M
D165,2005,10.4,M
D166,2005,10.4,M
D167,2005,10.4,M
D168,2005,10.4,M
D169,2005,10.4,M
D170,2005,10.4,M
D171,2005,10.4,M
D172,2005,10.4,M
D173,2005,10.4,M
D174,2005,10.4,M
D175,2005,10.4,M
D176,2005,10.4,M
D177,2005,10.4,M
D178,2005,10.4,M
D179,2005,10.4,M
D180,2005,10.4,M
D181,2005,10.4,M
D182,2005,10.4,M
D183,2005,10.4,M
D184,2005,10.4,M
D185,2005,10.4,M
D186,2005,10.4,M
D187,2005,10.4,M
D188,2005,10.4,M
D189,2005,10.4,M
D190,2005,10.4,M
D191,2005,10.4,M
D192,2005,10.4,M
D193,2005,10.4,M
D194,2005,10.4,M
D195,2005,10.4,M
D196,2005,10.4,M
D197,2005,10.4,M
D198,2005,10.4,M
D199,2006,14.6,M
D200,2006,14.6,M
D201,2006,14.6,M
D202,2006,14.6,M
D203,2006,14.6,M
D204,2006,14.6,M
D205,2006,14.6,M
D206,2006,14.6,M
D207,2006,14.6,M
D208,2006,14.6,M
D209,2006,14.6,M
D210,2006,14.6,M
D211,2006,14.6,M
D229599,2007,14.6,M
D229600,2007,14.6,M
D229639,2007,14.6,M
D237212,2007,14.6,M
D237213,2007,14.6,M
D237214,2007,14.6,M
D237215,2007,14.6,M
D237216,2007,14.6,M
D237217,2007,14.6,M
D237218,2007,14.6,M
D237219,2007,14.6,M
D237220,2007,14.6,M
D237221,2007,14.6,M
D237222,2007,14.6,M
D237223,2007,14.6,M
D237224,2007,14.6,M
D237225,2007,14.6,M
D237226,2007,14.6,M
D237227,2007,14.6,M
D237228,2007,14.6,M
D237229,2007,14.6,M
D237230,2007,14.6,M
D237231,2007,14.6,M
D237232,2007,14.6,M
D237233,2007,14.6,M
D237234,2007,14.6,M
D237251,2007,14.6,M
D237252,2007,14.6,M
D237253,2007,14.6,M
D237254,2007,14.6,M
D237255,2007,14.6,M
D237256,2007,14.6,M
D237257,2007,14.6,M
D237258,2007,14.6,M
D237259,2007,14.6,M
D237260,2007,14.6,M
D237262,2007,14.6,M
D237263,2007,14.6,M
D237264,2007,14.6,M
D237265,2007,14.6,M
D237266,2007,14.6,M
D237267,2007,14.6,M
D237268,2007,14.6,M
D237269,2007,14.6,M
D237270,2007,14.6,M
D237271,2007,14.6,M
D237272,2007,14.6,M
D237273,2007,14.6,M
D237274,2007,14.6,M
D237275,2007,14.6,M
D237276,2007,14.6,M
D237277,2007,14.6,M
D237278,2007,14.6,M
D237279,2007,14.6,M
D237280,2007,14.6,M
D237281,2007,14.6,M
D237282,2007,14.6,M
D237283,2007,14.6,M
D237284,2007,14.6,M
D237285,2007,14.6,M
D237286,2007,14.6,M
D237287,2007,14.6,M
D237289,2007,14.6,M
D237290,2007,14.6,M
D237291,2007,14.6,M
D237292,2007,14.6,M
D237293,2007,14.6,M
D237294,2007,14.6,M
D237295,2007,14.6,M
D237296,2007,14.6,M
D237297,2007,14.6,M
D237298,2007,14.6,M
D237299,2007,14.6,M
D237300,2007,14.6,M
D237301,2007,14.6,M
D237302,2007,14.6,M
D237303,2007,14.6,M
D237304,2007,14.6,M
D237305,2007,14.6,M
D237306,2007,14.6,M
D237307,2007,14.6,M
D237308,2007,14.6,M
D237309,2007,14.6,M
D237310,2007,14.6,M
D237311,2007,14.6,M
D237312,2007,14.6,M
D237313,2007,14.6,M
D237314,2007,14.6,M
D237315,2007,14.6,M
D237316,2007,14.6,M
D237317,2007,14.6,M
D237318,2007,14.6,M
D237319,2007,14.6,M
D237320,2007,14.6,M
D237321,2007,14.6,M
D237322,2007,14.6,M
D237323,2007,14.6,M
D237324,2007,14.6,M
D237325,2007,14.6,M
D237326,2007,14.6,M
D237327,2007,14.6,M
D237328,2007,14.6,M
D237329,2007,14.6,M
D237330,2007,14.6,M
D237331,2007,14.6,M
D237332,2007,14.6,M
D237333,2007,14.6,M
D237334,2007,14.6,M
D237335,2007,14.6,M
D237336,2007,14.6,M
D237337,2007,14.6,M
D237338,2007,14.6,M
D237339,2007,14.6,M
D237340,2007,14.6,M
D237341,2007,14.6,M
D237342,2007,14.6,M
D237343,2007,14.6,M
D237344,2007,14.6,M
D237345,2007,14.6,M
D237346,2007,14.6,M
D237347,2007,14.6,M
D237348,2007,14.6,M
D237349,2007,14.6,M
D237350,2007,14.6,M
D237351,2007,14.6,M
D237352,2007,14.6,M
D237353,2007,14.6,M
D237354,2007,14.6,M
D237355,2007,14.6,M
D237356,2007,14.6,M
D237357,2007,14.6,M
D237358,2007,14.6,M
D237359,2007,14.6,M
D237361,2007,14.6,M
D237362,2007,14.6,M
D237363,2007,14.6,M
D237364,2007,14.6,M
D237366,2007,14.6,M
D237367,2007,14.6,M
D237368,2007,14.6,M
D237369,2007,14.6,M
D237370,2007,14.6,M
D237371,2007,14.6,M
D237372,2007,14.6,M
D237373,2007,14.6,M
D237374,2007,14.6,M
D237375,2007,14.6,M
D237376,2007,14.6,M
D237377,2007,14.6,M
D237378,2007,14.6,M
D237379,2007,14.6,M
D237380,2007,14.6,M
D237381,2007,14.6,M
D237382,2007,14.6,M
D237383,2007,14.6,M
D237384,2007,14.6,M
D237385,2007,14.6,M
D237386,2007,14.6,M
D237387,2007,14.6,M
D237388,2007,14.6,M
D237389,2007,14.6,M
D237390,2007,14.6,M
D237391,2007,14.6,M
D237392,2007,14.6,M
D237393,2007,14.6,M
D237394,2007,14.6,M
D237395,2007,14.6,M
D237396,2007,14.6,M
D237397,2007,14.6,M
D237398,2007,14.6,M
D237399,2007,14.6,M
D237400,2007,14.6,M
D239,2001,6.2,M
D240,2001,6.2,M
D241,2001,6.2,M
D242,2001,6.2,M
D243,2001,6.2,M
D244,2001,6.2,M
D244001,2007,14.6,M
D244002,2007,14.6,M
D244003,2007,14.6,M
D244004,2007,14.6,M
D244005,2007,14.6,M
D244006,2007,14.6,M
D244007,2007,14.6,M
D244008,2007,14.6,M
D244009,2007,14.6,M
D244010,2007,14.6,M
D244011,2007,14.6,M
D244012,2007,14.6,M
D244013,2007,14.6,M
D244014,2007,14.6,M
D244015,2007,14.6,M
D244016,2007,14.6,M
D244017,2007,14.6,M
D244018,2007,14.6,M
D244019,2007,14.6,M
D244020,2007,14.6,M
D244021,2007,14.6,M
D244101,2007,14.6,M
D244102,2007,14.6,M
D244103,2007,14.6,M
D244104,2007,14.6,M
D244105,2007,14.6,M
D244106,2007,14.6,M
D244107,2007,14.6,M
D244108,2007,14.6,M
D244109,2007,14.6,M
D244110,2007,14.6,M
D244111,2007,14.6,M
D244112,2007,14.6,M
D244113,2007,14.6,M
D244114,2007,14.6,M
D244115,2007,14.6,M
D244116,2007,14.6,M
D244117,2007,14.6,M
D244118,2007,14.6,M
D244119,2007,14.6,M
D244120,2007,14.6,M
D244121,2007,14.6,M
D244122,2007,14.6,M
D244123,2007,14.6,M
D244124,2007,14.6,M
D244125,2007,14.6,M
D244126,2007,14.6,M
D244127,2007,14.6,M
D244128,2007,14.6,M
D244129,2007,14.6,M
D244130,2007,14.6,M
D244131,2007,14.6,M
D244132,2007,14.6,M
D244133,2007,14.6,M
D244134,2007,14.6,M
D244135,2007,14.6,M
D244136,2007,14.6,M
D244137,2007,14.6,M
D244138,2007,14.6,M
D245,2001,6.2,M
D246,2001,6.2,M
D247,2001,6.2,M
D248,2001,6.2,M
D249,2001,6.2,M
D250,2001,6.2,M
D251,2001,6.2,M
D252,2001,6.2,M
D253,2001,6.2,M
D254,2001,6.2,M
D255,2001,6.2,M
D256,2001,6.2,M
D257,2001,6.2,M
D258,2001,6.2,M
D259,2001,6.2,M
D260,2001,6.2,M
D261,2001,6.2,M
D262,2001,6.2,M
D263,2001,6.2,M
D264,2001,6.2,M
D265,2001,6.2,M
D266,2001,6.2,M
D267,2001,6.2,M
D267365,2007,14.6,M
D268,2001,6.2,M
D269,2001,6.2,M
D270,2001,6.2,M
D271,2001,6.2,M
D272,2001,6.2,M
D273,2001,6.2,M
D274,2001,6.2,M
D275,2001,6.2,M
D276,2001,6.2,M
D277,2001,6.2,M
D278,2002,7.4,M
D279,2002,7.4,M
D280,2002,7.4,M
D281,2002,7.4,M
D282,2002,7.4,M
D283,2002,7.4,M
D284,2002,7.4,M
D285,2002,7.4,M
D286,2002,7.4,M
D287,2002,7.4,M
D288,2002,7.4,M
D289,2002,7.4,M
D290,2002,7.4,M
D291,2002,7.4,M
D292,2002,7.4,M
D293,2002,7.4,M
D294,2003,7,M
D295,2003,7,M
D296,2003,7,M
D297,2003,7,M
D298,2003,7,M
D299,2003,7,M
D300,2003,7,M
D301,2002,7.4,M
D302,2002,7.4,M
D303,2002,7.4,M
D304,2002,7.4,M
D305,2002,7.4,M
D306,2002,7.4,M
D307,2002,7.4,M
D308,2002,7.4,M
D309,2002,7.4,M
D310,2002,7.4,M
D311,2002,7.4,M
D312,2002,7.4,M
D313,2002,7.4,M
D314,2002,7.4,M
D315,2002,7.4,M
D317,2002,7.4,M
D318,2002,7.4,M
D319,2002,7.4,M
D320,2002,7.4,M
D321,2002,7.4,M
D322,2002,7.4,M
D323,2002,7.4,M
D324,2002,7.4,M
D325,2002,7.4,M
D326,2002,7.4,M
D327,2002,7.4,M
D328,2002,7.4,M
D329,2002,7.4,M
D330,2002,7.4,M
D331,2002,7.4,M
D332,2004,7.1,M
D333,2002,7.4,M
D334,2002,7.4,M
D335,2002,7.4,M
D336,2002,7.4,M
D337,2002,7.4,M
D338,2002,7.4,M
D339,2002,7.4,M
D340,2002,7.4,M
D341,2002,7.4,M
D342,2002,7.4,M
D343,2002,7.4,M
D344,2002,7.4,M
D345,2002,7.4,M
D346,2002,7.4,M
D347,2002,7.4,M
D348,2002,7.4,M
D349,2002,7.4,M
D350,2002,7.4,M
D351,2002,7.4,M
D352,2002,7.4,M
D353,2002,7.4,M
D354,2002,7.4,M
D355,2002,7.4,M
D356,2002,7.4,M
D357,2002,7.4,M
D358,2002,7.4,M
D359,2002,7.4,M
D360,2002,7.4,M
D361,2002,7.4,M
D362,2002,7.4,M
D363,2002,7.4,M
D364,2002,7.4,M
D365,2002,7.4,M
D366,2002,7.4,M
D367,2002,7.4,M
D368,2002,7.4,M
D369,2002,7.4,M
D370,2002,7.4,M
D371,2002,7.4,M
D372,2002,7.4,M
D373,2002,7.4,M
D374,2002,7.4,M
D375,2002,7.4,M
D376,2002,7.4,M
D377,2002,7.4,M
D378,2002,7.4,M
D379,2002,7.4,M
D380,2002,7.4,M
D381,2002,7.4,M
D382,2002,7.4,M
D383,2002,7.4,M
D384,2002,7.4,M
D385,2002,7.4,M
D386,2002,7.4,M
D387,2002,7.4,M
D388,2002,7.4,M
D389,2002,7.4,M
D390,2002,7.4,M
D391,2002,7.4,M
D392,2002,7.4,M
D393,2002,7.4,M
D394,2002,7.4,M
D395,2002,7.4,M
D396,2002,7.4,M
D397,2002,7.4,M
D398,2002,7.4,M
D399,2002,7.4,M
D400,2002,7.4,M
D401,2003,7,M
D402,2003,7,M
D403,2003,7,M
D404,2003,7,M
D405,2003,7,M
D406,2003,7,M
D407,2003,7,M
D408,2003,7,M
D409,2003,7,M
D410,2003,7,M
D411,2003,7,M
D412,2003,7,M
D413,2003,7,M
D414,2003,7,M
D415,2003,7,M
D416,2003,7,M
D417,2003,7,M
D418,2004,7.1,M
D419,2003,7,M
D420,2004,7.1,M
D421,2003,7,M
D422,2003,7,M
D423,2003,7,M
D424,2003,7,M
D425,2003,7,M
D426,2003,7,M
D427,2003,7,M
D428,2003,7,M
D429,2003,7,M
D430,2003,7,M
D431,2003,7,M
D432,2003,7,M
D433,2003,7,M
D434,2003,7,M
D435,2003,7,M
D436,2003,7,M
D437,2003,7,M
D438,2003,7,M
D439,2003,7,M
D440,2003,7,M
D441,2003,7,M
D442,2003,7,M
D443,2003,7,M
D444,2003,7,M
D445,2003,7,M
D446,2003,7,M
D447,2003,7,M
D448,2003,7,M
D449,2003,7,M
D450,2003,7,M
D451,2002,7.4,M
D452,2002,7.4,M
D453,2002,7.4,M
D454,2002,7.4,M
D455,2002,7.4,M
D456,2002,7.4,M
D457,2002,7.4,M
D458,2002,7.4,M
D459,2002,7.4,M
D460,2002,7.4,M
D461,2002,7.4,M
D462,2002,7.4,M
D463,2002,7.4,M
D464,2002,7.4,M
D465,2002,7.4,M
D466,2002,7.4,M
D467,2002,7.4,M
D468,2002,7.4,M
D469,2003,7,M
D470,2003,7,M
D471,2003,7,M
D472,2003,7,M
D473,2003,7,M
D474,2003,7,M
D475,2002,7.4,M
D476,2002,7.4,M
D477,2002,7.4,M
D478,2002,7.4,M
D479,2002,7.4,M
D480,2002,7.4,M
D481,2002,7.4,M
D482,2002,7.4,M
D483,2002,7.4,M
D484,2002,7.4,M
D485,2003,7,M
D486,2003,7,M
D487,2003,7,M
D488,2001,6.2,M
D489,2001,6.2,M
D490,2003,7,M
D491,2003,7,M
D492,2003,7,M
D493,2003,7,M
D494,2003,7,M
D495,2003,7,M
D496,2003,7,M
D497,2003,7,M
D498,2003,7,M
D499,2003,7,M
D500,2004,7.1,M
D502,2006,14.6,M
D503,2006,14.6,M
D504,2006,14.6,M
D505,2006,14.6,M
D506,2006,14.6,M
D507,2006,14.6,M
D508,2006,14.6,M
D510,2006,14.6,M
D511,2006,14.6,M
D512,2006,14.6,M
D513,2006,14.6,M
D514,2006,14.6,M
D515,2006,14.6,M
D516,2006,14.6,M
D517,2006,14.6,M
D518,2006,14.6,M
D519,2006,14.6,M
D520,2006,14.6,M
D521,2006,14.6,M
D522,2006,14.6,M
D523,2006,14.6,M
D524,2006,14.6,M
D525,2006,14.6,M
D526,2006,14.6,M
D527,2006,14.6,M
D528,2006,14.6,M
D529,2006,14.6,M
D530,2006,14.6,M
D531,2006,14.6,M
D532,2006,14.6,M
D534,2006,14.6,M
D535,2006,14.6,M
D536,2006,14.6,M
D537,2006,14.6,M
D538,2006,14.6,M
D539,2006,14.6,M
D540,2006,14.6,M
D541,2006,14.6,M
D551,2006,14.6,M
D552,2006,14.6,M
D553,2006,14.6,M
D554,2006,14.6,M
D555,2006,14.6,M
D556,2006,14.6,M
D557,2006,14.6,M
D558,2006,14.6,M
D559,2006,14.6,M
D560,2006,14.6,M
D561,2006,14.6,M
D562,2006,14.6,M
D563,2006,14.6,M
D564,2006,14.6,M
D565,2006,14.6,M
D566,2006,14.6,M
D567,2006,14.6,M
D568,2006,14.6,M
D569,2006,14.6,M
D570,2006,14.6,M
D572,2006,14.6,M
D573,2006,14.6,M
D574,2006,14.6,M
D575,2006,14.6,M
D576,2006,14.6,M
D577,2006,14.6,M
D578,2006,14.6,M
D579,2006,14.6,M
D580,2006,14.6,M
D581,2006,14.6,M
D582,2006,14.6,M
D583,2006,14.6,M
D584,2006,14.6,M
D585,2006,14.6,M
D586,2006,14.6,M
D587,2006,14.6,M
D588,2006,14.6,M
D589,2006,14.6,M
D590,2006,14.6,M
D591,2006,14.6,M
D592,2006,14.6,M
D593,2006,14.6,M
D594,2006,14.6,M
D595,2006,14.6,M
D596,2006,14.6,M
D597,2006,14.6,M
D598,2006,14.6,M
D601,2005,10.4,M
D602,2005,10.4,M
D603,2005,10.4,M
D604,2005,10.4,M
D605,2005,10.4,M
D606,2005,10.4,M
D607,2005,10.4,M
D608,2005,10.4,M
D609,2005,10.4,M
D610,2005,10.4,M
D611,2005,10.4,M
D613,2006,14.6,M
D614,2006,14.6,M
D615,2006,14.6,M
D616,2006,14.6,M
D617,2006,14.6,M
D618,2006,14.6,M
D619,2006,14.6,M
D620,2006,14.6,M
D621,2006,14.6,M
D622,2006,14.6,M
D623,2006,14.6,M
D624,2006,14.6,M
D625,2006,14.6,M
D626,2006,14.6,M
D627,2006,14.6,M
D628,2006,14.6,M
D629,2006,14.6,M
D630,2006,14.6,M
D631,2006,14.6,M
D632,2006,14.6,M
D633,2006,14.6,M
D634,2006,14.6,M
D635,2006,14.6,M
D636,2006,14.6,M
D637,2006,14.6,M
D638,2006,14.6,M
D640,2006,14.6,M
D641,2006,14.6,M
D642,2006,14.6,M
D644,2006,14.6,M
D645,2006,14.6,M
D646,2006,14.6,M
D647,2006,14.6,M
D648,2006,14.6,M
D649,2006,14.6,M
D650,2006,14.6,M
D651,2006,14.6,M
D652,2006,14.6,M
D653,2006,14.6,M
D654,2006,14.6,M
D655,2006,14.6,M
D656,2006,14.6,M
D657,2006,14.6,M
D658,2006,14.6,M
D659,2006,14.6,M
D660,2006,14.6,M
D661,2006,14.6,M
D662,2007,14.6,M
D663,2006,14.6,M
D664,2006,14.6,M
D665,2006,14.6,M
D666,2006,14.6,M
D667,2006,14.6,M
D668,2006,14.6,M
D669,2006,14.6,M
D670,2006,14.6,M
D671,2006,14.6,M
D672,2006,14.6,M
D673,2006,14.6,M
D674,2006,14.6,M
D675,2006,14.6,M
D676,2006,14.6,M
D677,2006,14.6,M
D678,2006,14.6,M
D679,2006,14.6,M
D680,2006,14.6,M
D681,2006,14.6,M
D682,2006,14.6,M
D683,2006,14.6,M
D684,2006,14.6,M
D685,2006,14.6,M
D686,2006,14.6,M
D687,2006,14.6,M
D688,2006,14.6,M
D689,2006,14.6,M
D690,2006,14.6,M
D691,2006,14.6,M
D692,2006,14.6,M
D693,2006,14.6,M
D694,2006,14.6,M
D695,2006,14.6,M
D696,2006,14.6,M
D697,2006,14.6,M
D698,2006,14.6,M
D699,2006,14.6,M
D700,2006,14.6,M
D701,2006,14.6,M
D702,2006,14.6,M
D703,2006,14.6,M
D704,2006,14.6,M
D705,2006,14.6,M
D706,2006,14.6,M
D707,2006,14.6,M
D708,2006,14.6,M
D709,2006,14.6,M
D710,2006,14.6,M
D711,2006,14.6,M
D712,2006,14.6,M
D713,2006,14.6,M
D714,2006,14.6,M
D715,2006,14.6,M
D716,2006,14.6,M
D717,2006,14.6,M
D718,2006,14.6,M
D719,2006,14.6,M
D720,2006,14.6,M
D721,2006,14.6,M
D722,2006,14.6,M
D723,2006,14.6,M
D724,2006,14.6,M
D725,2006,14.6,M
D726,2006,14.6,M
D727,2006,14.6,M
D728,2006,14.6,M
D729,2006,14.6,M
D730,2006,14.6,M
D731,2006,14.6,M
D732,2006,14.6,M
D733,2006,14.6,M
D734,2006,14.6,M
D735,2006,14.6,M
D736,2006,14.6,M
D737,2006,14.6,M
D738,2006,14.6,M
D739,2006,14.6,M
D740,2006,14.6,M
D741,2006,14.6,M
D742,2006,14.6,M
D743,2006,14.6,M
D744,2006,14.6,M
D745,2006,14.6,M
D746,2006,14.6,M
D747,2006,14.6,M
D748,2006,14.6,M
D749,2006,14.6,M
D750,2006,14.6,M
D751,2006,14.6,M
D752,2006,14.6,M
D753,2006,14.6,M
D754,2006,14.6,M
D755,2006,14.6,M
D756,2006,14.6,M
D757,2006,14.6,M
D758,2006,14.6,M
D759,2006,14.6,M
D760,2006,14.6,M
D761,2006,14.6,M
D762,2006,14.6,M
D763,2006,14.6,M
D764,2006,14.6,M
D765,2006,14.6,M
D766,2006,14.6,M
D767,2006,14.6,M
D768,2006,14.6,M
D769,2006,14.6,M
D770,2006,14.6,M
D771,2006,14.6,M
D772,2006,14.6,M
D773,2006,14.6,M
D774,2006,14.6,M
D775,2006,14.6,M
D776,2006,14.6,M
D777,2006,14.6,M
D778,2006,14.6,M
D779,2006,14.6,M
D780,2006,14.6,M
D781,2006,14.6,M
D782,2006,14.6,M
D783,2006,14.6,M
D784,2006,14.6,M
D785,2006,14.6,M
D786,2006,14.6,M
D787,2006,14.6,M
D788,2006,14.6,M
D789,2006,14.6,M
D790,2006,14.6,M
D791,2006,14.6,M
D792,2006,14.6,M
D793,2006,14.6,M
D794,2006,14.6,M
D795,2006,14.6,M
D796,2006,14.6,M
D797,2006,14.6,M
D798,2006,14.6,M
D799,2006,14.6,M
D800,2006,14.6,M
D801,2003,7,M
D802,2003,7,M
D803,2003,7,M
D804,2003,7,M
D805,2003,7,M
D806,2003,7,M
D807,2003,7,M
D808,2003,7,M
D809,2003,7,M
D810,2003,7,M
D811,2003,7,M
D812,2003,7,M
D813,2003,7,M
D814,2003,7,M
D815,2003,7,M
D816,2003,7,M
D817,2003,7,M
D818,2003,7,M
D819,2003,7,M
D820,2003,7,M
D821,2003,7,M
D822,2003,7,M
D823,2003,7,M
D824,2003,7,M
D825,2003,7,M
D826,2003,7,M
D827,2003,7,M
D828,2003,7,M
D829,2004,7.1,M
D830,2004,7.1,M
D831,2004,7.1,M
D832,2004,7.1,M
D833,2004,7.1,M
D834,2004,7.1,M
D835,2004,7.1,M
D836,2004,7.1,M
D837,2004,7.1,M
D838,2004,7.1,M
D839,2004,7.1,M
D840,2004,7.1,M
D841,2004,7.1,M
D842,2004,7.1,M
D843,2004,7.1,M
D844,2004,7.1,M
D845,2004,7.1,M
D846,2004,7.1,M
D847,2004,7.1,M
D848,2004,7.1,M
D849,2004,7.1,M
D850,2004,7.1,M
D851,2003,7,M
D852,2003,7,M
D853,2003,7,M
D854,2003,7,M
D855,2003,7,M
D856,2003,7,M
D857,2003,7,M
D858,2004,7.1,M
D859,2003,7,M
D860,2003,7,M
D861,2003,7,M
D862,2003,7,M
D863,2003,7,M
D864,2003,7,M
D865,2003,7,M
D866,2003,7,M
D867,2003,7,M
D868,2003,7,M
D869,2003,7,M
D870,2004,7.1,M
D871,2004,7.1,M
D872,2004,7.1,M
D873,2004,7.1,M
D874,2004,7.1,M
D875,2004,7.1,M
D876,2004,7.1,M
D877,2004,7.1,M
D878,2004,7.1,M
D879,2004,7.1,M
D880,2004,7.1,M
D881,2004,7.1,M
D882,2004,7.1,M
D883,2004,7.1,M
D884,2004,7.1,M
D885,2004,7.1,M
D886,2004,7.1,M
D887,2004,7.1,M
D888,2005,10.4,M
D889,2004,7.1,M
D890,2004,7.1,M
D891,2004,7.1,M
D892,2004,7.1,M
D893,2004,7.1,M
D894,2004,7.1,M
D895,2004,7.1,M
D896,2004,7.1,M
D897,2004,7.1,M
D898,2004,7.1,M
D899,2004,7.1,M
D900,2004,7.1,M
D901,2004,7.1,M
D902,2004,7.1,M
D903,2004,7.1,M
D904,2004,7.1,M
D905,2004,7.1,M
D906,2004,7.1,M
D907,2004,7.1,M
D908,2004,7.1,M
D909,2004,7.1,M
D910,2004,7.1,M
D911,2004,7.1,M
D912,2004,7.1,M
D913,2004,7.1,M
D914,2004,7.1,M
D915,2004,7.1,M
D916,2004,7.1,M
D917,2004,7.1,M
D918,2004,7.1,M
D919,2004,7.1,M
D920,2004,7.1,M
D921,2004,7.1,M
D922,2004,7.1,M
D923,2004,7.1,M
D924,2004,7.1,M
D925,2005,10.4,M
D926,2005,10.4,M
D927,2005,10.4,M
D928,2005,10.4,M
D929,2005,10.4,M
D930,2005,10.4,M
D931,2005,10.4,M
D933,2005,10.4,M
D934,2004,7.1,M
D935,2004,7.1,M
D936,2004,7.1,M
D937,2004,7.1,M
D938,2004,7.1,M
D939,2004,7.1,M
D940,2004,7.1,M
D941,2004,7.1,M
D942,2004,7.1,M
D943,2004,7.1,M
D944,2004,7.1,M
D945,2004,7.1,M
D946,2005,10.4,M
D947,2005,10.4,M
D948,2005,10.4,M
D949,2005,10.4,M
D950,2005,10.4,M
D951,2004,7.1,M
D952,2004,7.1,M
D953,2004,7.1,M
D954,2004,7.1,M
D956,2004,7.1,M
D957,2004,7.1,M
D958,2004,7.1,M
D959,2004,7.1,M
D960,2004,7.1,M
D961,2004,7.1,M
D962,2004,7.1,M
D963,2004,7.1,M
D964,2004,7.1,M
D965,2004,7.1,M
D966,2004,7.1,M
D967,2004,7.1,M
D968,2004,7.1,M
D969,2004,7.1,M
D970,2004,7.1,M
D971,2004,7.1,M
D972,2004,7.1,M
D973,2004,7.1,M
D974,2004,7.1,M
D975,2004,7.1,M
D976,2004,7.1,M
D977,2004,7.1,M
D978,2004,7.1,M
D979,2004,7.1,M
D980,2004,7.1,M
D981,2004,7.1,M
D982,2004,7.1,M
D983,2004,7.1,M
D984,2004,7.1,M
D985,2004,7.1,M
D986,2004,7.1,M
D987,2004,7.1,M
D988,2004,7.1,M
D989,2004,7.1,M
D990,2004,7.1,M
D991,2004,7.1,M
D992,2004,7.1,M
D993,2004,7.1,M
D994,2004,7.1,M
D995,2004,7.1,M
D996,2004,7.1,M
D997,2004,7.1,M
D998,2004,7.1,M
D999,2004,7.1,M
H_PALI,2006,14.6,F
H001,2002,7.4,F
H002,2002,7.4,F
H003,2002,7.4,F
H004,2002,7.4,F
H005,2002,7.4,F
H006,2002,7.4,F
H007,2002,7.4,F
H008,2002,7.4,F
H009,2002,7.4,F
H010,2002,7.4,F
H011,2002,7.4,F
H012,2002,7.4,F
H013,2002,7.4,F
H014,2002,7.4,F
H015,2002,7.4,F
H016,2002,7.4,F
H017,2002,7.4,F
H019,2002,7.4,F
H020,2002,7.4,F
H021,2003,7,F
H023,2003,7,F
H024,2002,7.4,F
H025,2002,7.4,F
H026,2002,7.4,F
H027,2002,7.4,F
H028,2002,7.4,F
H029,2002,7.4,F
H030,2002,7.4,F
H031,2002,7.4,F
H032,2002,7.4,F
H033,2002,7.4,F
H034,2002,7.4,F
H035,2002,7.4,F
H036,2002,7.4,F
H037,2002,7.4,F
H038,2002,7.4,F
H039,2002,7.4,F
H040,2002,7.4,F
H041,2002,7.4,F
H042,2002,7.4,F
H043,2002,7.4,F
H044,2002,7.4,F
H045,2002,7.4,F
H046,2002,7.4,F
H047,2002,7.4,F
H048,2003,7,F
H049,2003,7,F
H050,2003,7,F
H051,2002,7.4,F
H052,2002,7.4,F
H053,2002,7.4,F
H054,2002,7.4,F
H055,2002,7.4,F
H056,2002,7.4,F
H057,2002,7.4,F
H058,2002,7.4,F
H060,2002,7.4,F
H061,2002,7.4,F
H062,2002,7.4,F
H063,2002,7.4,F
H064,2002,7.4,F
H065,2002,7.4,F
H066,2002,7.4,F
H067,2002,7.4,F
H068,2002,7.4,F
H069,2002,7.4,F
H070,2002,7.4,F
H071,2002,7.4,F
H072,2002,7.4,F
H073,2002,7.4,F
H074,2002,7.4,F
H075,2002,7.4,F
H076,2002,7.4,F
H077,2002,7.4,F
H078,2002,7.4,F
H079,2002,7.4,F
H080,2002,7.4,F
H081,2002,7.4,F
H082,2002,7.4,F
H083,2002,7.4,F
H084,2002,7.4,F
H085,2002,7.4,F
H086,2002,7.4,F
H087,2002,7.4,F
H088,2002,7.4,F
H089,2002,7.4,F
H090,2002,7.4,F
H091,2002,7.4,F
H092,2002,7.4,F
H093,2002,7.4,F
H094,2002,7.4,F
H095,2002,7.4,F
H096,2002,7.4,F
H097,2002,7.4,F
H098,2002,7.4,F
H099,2002,7.4,F
H100,2002,7.4,F
H10001,2005,10.4,F
H10002,2005,10.4,F
H101,2003,7,F
H102,2003,7,F
H103,2003,7,F
H104,2003,7,F
H105,2003,7,F
H106,2003,7,F
H107,2003,7,F
H108,2003,7,F
H109,2003,7,F
H110,2003,7,F
H111,2003,7,F
H112,2003,7,F
H113,2003,7,F
H114,2003,7,F
H115,2003,7,F
H116,2003,7,F
H117,2003,7,F
H118,2003,7,F
H119,2003,7,F
H120,2003,7,F
H121,2003,7,F
H122,2003,7,F
H123,2003,7,F
H124,2003,7,F
H125,2003,7,F
H126,2003,7,F
H127,2003,7,F
H128,2003,7,F
H129,2003,7,F
H130,2003,7,F
H131,2003,7,F
H132,2003,7,F
H133,2003,7,F
H134,2003,7,F
H135,2003,7,F
H136,2003,7,F
H137,2003,7,F
H138,2003,7,F
H140,2003,7,F
H141,2003,7,F
H142,2003,7,F
H143,2003,7,F
H144,2003,7,F
H145,2003,7,F
H146,2003,7,F
H147,2003,7,F
H148,2003,7,F
H149,2003,7,F
H150,2003,7,F
H151,2003,7,F
H152,2003,7,F
H153,2003,7,F
H154,2003,7,F
H155,2003,7,F
H156,2003,7,F
H157,2003,7,F
H158,2003,7,F
H159,2003,7,F
H160,2003,7,F
H161,2003,7,F
H162,2003,7,F
H163,2003,7,F
H164,2003,7,F
H165,2003,7,F
H166,2003,7,F
H166022,2003,7,F
H167,2003,7,F
H167359,2007,14.6,F
H167397,2005,10.4,F
H167428,2007,14.6,F
H167496,2005,10.4,F
H167513,2007,14.6,F
H167542,2005,10.4,F
H167545,2007,14.6,F
H167547,2007,14.6,F
H168,2003,7,F
H169,2003,7,F
H169586,2007,14.6,F
H169604,2006,14.6,F
H169607,2006,14.6,F
H169608,2007,14.6,F
H169613,2006,14.6,F
H169621,2007,14.6,F
H169622,2007,14.6,F
H169633,2006,14.6,F
H169653,2006,14.6,F
H169688,2006,14.6,F
H169705,2007,14.6,F
H169714,2007,14.6,F
H169728,2006,14.6,F
H169738,2007,14.6,F
H169741,2007,14.6,F
H169742,2007,14.6,F
H169750,2006,14.6,F
H170,2003,7,F
H171,2003,7,F
H171801,2007,14.6,F
H171802,2007,14.6,F
H171803,2007,14.6,F
H171804,2007,14.6,F
H171805,2007,14.6,F
H171806,2007,14.6,F
H171807,2007,14.6,F
H171808,2007,14.6,F
H171809,2007,14.6,F
H171810,2007,14.6,F
H171811,2007,14.6,F
H171812,2007,14.6,F
H171813,2007,14.6,F
H171814,2007,14.6,F
H171815,2007,14.6,F
H171816,2007,14.6,F
H171817,2007,14.6,F
H171818,2007,14.6,F
H171819,2007,14.6,F
H171820,2007,14.6,F
H171821,2007,14.6,F
H171822,2007,14.6,F
H171823,2007,14.6,F
H171824,2007,14.6,F
H171825,2007,14.6,F
H171826,2007,14.6,F
H171827,2007,14.6,F
H171828,2007,14.6,F
H171829,2007,14.6,F
H171830,2007,14.6,F
H171831,2007,14.6,F
H171832,2007,14.6,F
H171833,2007,14.6,F
H171834,2007,14.6,F
H171835,2007,14.6,F
H171836,2007,14.6,F
H171837,2007,14.6,F
H171838,2007,14.6,F
H171839,2007,14.6,F
H171841,2007,14.6,F
H171851,2007,14.6,F
H171852,2007,14.6,F
H171853,2007,14.6,F
H171854,2007,14.6,F
H171855,2007,14.6,F
H171856,2007,14.6,F
H171857,2007,14.6,F
H171858,2007,14.6,F
H171859,2007,14.6,F
H171860,2007,14.6,F
H171861,2007,14.6,F
H171862,2007,14.6,F
H171863,2007,14.6,F
H171864,2007,14.6,F
H171865,2007,14.6,F
H171866,2007,14.6,F
H171867,2007,14.6,F
H171868,2007,14.6,F
H171869,2007,14.6,F
H171870,2007,14.6,F
H171871,2007,14.6,F
H171872,2007,14.6,F
H171873,2007,14.6,F
H171874,2007,14.6,F
H171875,2007,14.6,F
H171876,2007,14.6,F
H171877,2007,14.6,F
H171878,2007,14.6,F
H171879,2007,14.6,F
H171880,2007,14.6,F
H171881,2007,14.6,F
H171882,2007,14.6,F
H171901,2006,14.6,F
H171902,2006,14.6,F
H171903,2006,14.6,F
H171929,2006,14.6,F
H171930,2007,14.6,F
H171933,2006,14.6,F
H171934,2007,14.6,F
H171935,2007,14.6,F
H171936,2007,14.6,F
H171937,2007,14.6,F
H171938,2007,14.6,F
H171939,2007,14.6,F
H171940,2007,14.6,F
H171941,2007,14.6,F
H171942,2007,14.6,F
H171943,2007,14.6,F
H171944,2007,14.6,F
H171945,2007,14.6,F
H171946,2007,14.6,F
H171947,2007,14.6,F
H171948,2007,14.6,F
H171949,2007,14.6,F
H171950,2007,14.6,F
H171961,2007,14.6,F
H171962,2007,14.6,F
H171963,2007,14.6,F
H171964,2007,14.6,F
H171965,2007,14.6,F
H171966,2007,14.6,F
H171967,2007,14.6,F
H171968,2007,14.6,F
H171969,2007,14.6,F
H171970,2007,14.6,F
H171971,2007,14.6,F
H171972,2007,14.6,F
H171973,2007,14.6,F
H171974,2007,14.6,F
H171975,2007,14.6,F
H171976,2007,14.6,F
H171977,2007,14.6,F
H171978,2007,14.6,F
H171979,2007,14.6,F
H172,2003,7,F
H173,2003,7,F
H174,2003,7,F
H175,2003,7,F
H176,2003,7,F
H177,2003,7,F
H178,2003,7,F
H179,2003,7,F
H181,2004,7.1,F
H182,2004,7.1,F
H183,2004,7.1,F
H184,2004,7.1,F
H185,2004,7.1,F
H186,2003,7,F
H187,2003,7,F
H188,2003,7,F
H189,2003,7,F
H190,2003,7,F
H191,2003,7,F
H192,2003,7,F
H193,2003,7,F
H194,2003,7,F
H195,2003,7,F
H196,2004,7.1,F
H197,2004,7.1,F
H198,2004,7.1,F
H199,2004,7.1,F
H200,2004,7.1,F
H20001,2005,10.4,F
H229641,2006,14.6,F
H30001,2005,10.4,F
H30002,2005,10.4,F
H30005,2005,10.4,F
H30006,2005,10.4,F
H30007,2005,10.4,F
H346,2002,7.4,F
H354,2001,6.2,M
H355,2001,6.2,F
H356,2001,6.2,F
H357,2001,6.2,F
H358,2001,6.2,F
H359,2001,6.2,F
H360,2001,6.2,F
H361,2001,6.2,F
H362,2001,6.2,F
H363,2001,6.2,F
H364,2001,6.2,F
H365,2001,6.2,F
H366,2001,6.2,F
H367,2001,6.2,F
H368,2001,6.2,F
H369,2001,6.2,F
H370,2001,6.2,F
H371,2001,6.2,F
H372,2001,6.2,F
H373,2001,6.2,F
H374,2001,6.2,F
H375,2001,6.2,F
H376,2001,6.2,F
H377,2001,6.2,F
H378,2001,6.2,F
H379,2001,6.2,F
H380,2001,6.2,F
H381,2001,6.2,F
H382,2001,6.2,F
H383,2001,6.2,F
H384,2001,6.2,F
H385,2001,6.2,F
H386,2001,6.2,F
H387,2001,6.2,F
H388,2001,6.2,F
H389,2001,6.2,F
H390,2001,6.2,F
H391,2001,6.2,F
H392,2001,6.2,F
H393,2001,6.2,F
H394,2001,6.2,F
H395,2001,6.2,F
H396,2002,7.4,F
H397,2002,7.4,F
H398,2002,7.4,F
H399,2002,7.4,F
H400,2002,7.4,F
H401,2004,7.1,F
H402,2004,7.1,F
H403,2004,7.1,F
H404,2004,7.1,F
H405,2004,7.1,F
H406,2004,7.1,F
H407,2004,7.1,F
H408,2004,7.1,F
H409,2004,7.1,F
H410,2004,7.1,F
H411,2004,7.1,F
H412,2004,7.1,F
H413,2004,7.1,F
H414,2004,7.1,F
H415,2004,7.1,F
H416,2004,7.1,F
H417,2004,7.1,F
H418,2004,7.1,F
H419,2004,7.1,F
H420,2004,7.1,F
H421,2004,7.1,F
H422,2004,7.1,F
H423,2004,7.1,F
H424,2004,7.1,F
H425,2004,7.1,F
H426,2004,7.1,F
H427,2004,7.1,F
H428,2004,7.1,F
H429,2004,7.1,F
H430,2004,7.1,F
H431,2004,7.1,F
H432,2004,7.1,F
H433,2004,7.1,F
H434,2004,7.1,F
H435,2004,7.1,F
H436,2004,7.1,F
H437,2004,7.1,F
H438,2004,7.1,F
H439,2004,7.1,F
H440,2004,7.1,F
H441,2004,7.1,F
H442,2004,7.1,F
H443,2004,7.1,F
H444,2004,7.1,F
H445,2004,7.1,F
H446,2004,7.1,F
H447,2004,7.1,F
H448,2004,7.1,F
H449,2004,7.1,F
H450,2005,10.4,F
H451,2005,10.4,F
H452,2005,10.4,F
H453,2005,10.4,F
H454,2005,10.4,F
H455,2005,10.4,F
H456,2005,10.4,F
H457,2005,10.4,F
H458,2005,10.4,F
H459,2005,10.4,F
H460,2005,10.4,F
H461,2005,10.4,F
H462,2005,10.4,F
H463,2005,10.4,F
H464,2005,10.4,F
H465,2005,10.4,F
H466,2005,10.4,F
H467,2005,10.4,F
H468,2005,10.4,F
H469,2005,10.4,F
H470,2005,10.4,F
H471,2005,10.4,F
H472,2005,10.4,F
H473,2005,10.4,F
H474,2005,10.4,F
H475,2005,10.4,F
H476,2005,10.4,F
H477,2005,10.4,F
H478,2005,10.4,F
H479,2005,10.4,F
H480,2005,10.4,F
H481,2005,10.4,F
H482,2005,10.4,F
H483,2005,10.4,F
H486,2005,10.4,F
H487,2005,10.4,F
H488,2005,10.4,F
H489,2005,10.4,F
H490,2005,10.4,F
H491,2005,10.4,F
H492,2005,10.4,F
H493,2005,10.4,F
H494,2005,10.4,F
H495,2005,10.4,F
H497,2005,10.4,F
H498,2005,10.4,F
H499,2005,10.4,F
H500,2005,10.4,F
H501,2004,7.1,F
H502,2004,7.1,F
H503,2004,7.1,F
H504,2004,7.1,F
H505,2004,7.1,F
H506,2004,7.1,F
H507,2004,7.1,F
H508,2004,7.1,F
H509,2004,7.1,F
H510,2004,7.1,F
H511,2004,7.1,F
H512,2004,7.1,F
H513,2004,7.1,F
H514,2004,7.1,F
H515,2004,7.1,F
H516,2004,7.1,F
H517,2004,7.1,F
H518,2004,7.1,F
H519,2004,7.1,F
H520,2004,7.1,F
H521,2004,7.1,F
H522,2004,7.1,F
H523,2004,7.1,F
H524,2004,7.1,F
H525,2004,7.1,F
H526,2004,7.1,F
H527,2004,7.1,F
H528,2004,7.1,F
H529,2004,7.1,F
H530,2004,7.1,F
H531,2004,7.1,F
H532,2004,7.1,F
H533,2004,7.1,F
H534,2004,7.1,F
H536,2005,10.4,F
H537,2005,10.4,F
H538,2005,10.4,F
H539,2005,10.4,F
H540,2005,10.4,F
H541,2005,10.4,F
H543,2005,10.4,F
H544,2005,10.4,F
H545,2005,10.4,F
H546,2005,10.4,F
H547,2005,10.4,F
H548,2005,10.4,F
H549,2005,10.4,F
H550,2005,10.4,F
H551,2005,10.4,F
H553,2005,10.4,F
H554,2005,10.4,F
H556,2005,10.4,F
H558,2005,10.4,F
H559,2005,10.4,F
H561,2005,10.4,F
H562,2005,10.4,F
H563,2005,10.4,F
H564,2005,10.4,F
H565,2005,10.4,F
H567,2005,10.4,F
H568,2005,10.4,F
H568???,2005,10.4,F
H569,2005,10.4,F
H570,2005,10.4,F
H571,2005,10.4,F
H572,2005,10.4,F
H573,2005,10.4,F
H579,2007,14.6,F
H580,2006,14.6,F
H581,2006,14.6,F
H582,2006,14.6,F
H583,2006,14.6,F
H584,2006,14.6,F
H585,2006,14.6,F
H586,2006,14.6,F
H587,2006,14.6,F
H588,2006,14.6,F
H589,2006,14.6,F
H590,2006,14.6,F
H591,2006,14.6,F
H592,2006,14.6,F
H593,2006,14.6,F
H594,2006,14.6,F
H595,2006,14.6,F
H596,2006,14.6,F
H597,2006,14.6,F
H598,2006,14.6,F
H599,2006,14.6,F
H600,2006,14.6,F
H601,2006,14.6,F
H602,2006,14.6,F
H603,2006,14.6,F
H605,2006,14.6,F
H606,2006,14.6,F
H608,2006,14.6,F
H609,2006,14.6,F
H610,2006,14.6,F
H611,2006,14.6,F
H612,2006,14.6,F
H614,2006,14.6,F
H615,2006,14.6,F
H616,2006,14.6,F
H617,2006,14.6,F
H618,2006,14.6,F
H619,2006,14.6,F
H620,2006,14.6,F
H623,2006,14.6,F
H624,2006,14.6,F
H625,2006,14.6,F
H626,2006,14.6,F
H627,2006,14.6,F
H628,2006,14.6,F
H629,2006,14.6,F
H630,2006,14.6,F
H631,2006,14.6,F
H632,2006,14.6,F
H634,2006,14.6,F
H635,2006,14.6,F
H636,2006,14.6,F
H637,2006,14.6,F
H638,2006,14.6,F
H639,2006,14.6,F
H640,2006,14.6,F
H642,2006,14.6,F
H643,2006,14.6,F
H644,2006,14.6,F
H645,2006,14.6,F
H646,2006,14.6,F
H647,2006,14.6,F
H648,2006,14.6,F
H649,2006,14.6,F
H650,2006,14.6,F
H651,2006,14.6,F
H652,2006,14.6,F
H654,2006,14.6,F
H655,2006,14.6,F
H656,2006,14.6,F
H657,2006,14.6,F
H658,2006,14.6,F
H659,2006,14.6,F
H660,2006,14.6,F
H661,2006,14.6,F
H662,2006,14.6,F
H663,2006,14.6,F
H664,2006,14.6,F
H665,2006,14.6,F
H666,2006,14.6,F
H667,2006,14.6,F
H668,2006,14.6,F
H669,2006,14.6,F
H670,2006,14.6,F
H671,2006,14.6,F
H672,2006,14.6,F
H673,2006,14.6,F
H674,2006,14.6,F
H675,2006,14.6,F
H676,2006,14.6,F
H677,2006,14.6,F
H678,2006,14.6,F
H679,2006,14.6,F
H680,2006,14.6,F
H681,2006,14.6,F
H682,2006,14.6,F
H683,2006,14.6,F
H684,2006,14.6,F
H685,2006,14.6,F
H686,2006,14.6,F
H687,2006,14.6,F
H689,2006,14.6,F
H690,2006,14.6,F
H691,2006,14.6,F
H692,2006,14.6,F
H693,2006,14.6,F
H694,2006,14.6,F
H695,2006,14.6,F
H696,2006,14.6,F
H697,2006,14.6,F
H698,2006,14.6,F
H699,2006,14.6,F
H700,2006,14.6,F
H701,2005,10.4,F
H702,2005,10.4,F
H704,2005,10.4,F
H705,2005,10.4,F
H706,2005,10.4,F
H708,2005,10.4,F
H709,2006,14.6,F
H710,2006,14.6,F
H711,2006,14.6,F
H712,2006,14.6,F
H713,2006,14.6,F
H715,2006,14.6,F
H716,2006,14.6,F
H717,2006,14.6,F
H718,2006,14.6,F
H719,2006,14.6,F
H720,2006,14.6,F
H721,2006,14.6,F
H722,2006,14.6,F
H723,2006,14.6,F
H724,2006,14.6,F
H725,2006,14.6,F
H726,2006,14.6,F
H727,2006,14.6,F
H729,2006,14.6,F
H730,2006,14.6,F
H731,2006,14.6,F
H732,2006,14.6,F
H733,2006,14.6,F
H734,2006,14.6,F
H735,2006,14.6,F
H7351,2005,10.4,F
H7352,2005,10.4,F
H7353,2005,10.4,F
H7354,2005,10.4,F
H7355,2005,10.4,F
H7356,2005,10.4,F
H7357,2005,10.4,F
H7358,2005,10.4,F
H7359,2005,10.4,F
H736,2006,14.6,F
H7360,2005,10.4,F
H7361,2005,10.4,F
H7362,2005,10.4,F
H7363,2005,10.4,F
H7364,2005,10.4,F
H7365,2005,10.4,F
H7366,2005,10.4,F
H7367,2005,10.4,F
H7368,2005,10.4,F
H7369,2005,10.4,F
H737,2006,14.6,F
H7370,2005,10.4,F
H7371,2005,10.4,F
H7372,2005,10.4,F
H7373,2005,10.4,F
H7374,2005,10.4,F
H7375,2005,10.4,F
H7376,2005,10.4,F
H7377,2005,10.4,F
H7378,2005,10.4,F
H7379,2005,10.4,F
H7380,2005,10.4,F
H7381,2005,10.4,F
H7382,2005,10.4,F
H7383,2005,10.4,F
H7384,2005,10.4,F
H7385,2005,10.4,F
H7386,2005,10.4,F
H7387,2005,10.4,F
H7388,2005,10.4,F
H7389,2005,10.4,F
H739,2006,14.6,F
H7390,2005,10.4,F
H7391,2005,10.4,F
H7392,2005,10.4,F
H7393,2005,10.4,F
H7394,2005,10.4,F
H7395,2005,10.4,F
H7396,2005,10.4,F
H7398,2005,10.4,F
H7399,2005,10.4,F
H740,2006,14.6,F
H7400,2005,10.4,F
H741,2006,14.6,F
H742,2006,14.6,F
H743,2006,14.6,F
H744,2006,14.6,F
H745,2006,14.6,F
H746,2006,14.6,F
H747,2006,14.6,F
H748,2006,14.6,F
H7484,2005,10.4,F
H7485,2005,10.4,F
H749,2006,14.6,F
H904,2006,14.6,F
H905,2006,14.6,F
H906,2006,14.6,F
H907,2006,14.6,F
H908,2006,14.6,F
H909,2006,14.6,F
H910,2006,14.6,F
H911,2006,14.6,F
H912,2006,14.6,F
H913,2006,14.6,F
H914,2006,14.6,F
H915,2006,14.6,F
H916,2006,14.6,F
H917,2006,14.6,F
H918,2006,14.6,F
H919,2006,14.6,F
H920,2006,14.6,F
H921,2006,14.6,F
H922,2006,14.6,F
H923,2006,14.6,F
H924,2006,14.6,F
H925,2006,14.6,F
H926,2006,14.6,F
H927,2006,14.6,F
H928,2006,14.6,F
H930,2006,14.6,F
H931,2006,14.6,F
H932,2006,14.6,F
H951,2006,14.6,F
H952,2006,14.6,F
H953,2006,14.6,F
H954,2006,14.6,F
H955,2006,14.6,F
H9552,2006,14.6,F
H9553,2006,14.6,F
H9555,2005,10.4,F
H9558,2006,14.6,F
H956,2006,14.6,F
H9560,2005,10.4,F
H9563,2006,14.6,F
H957,2006,14.6,F
H9572,2006,14.6,F
H9575,2006,14.6,F
H958,2006,14.6,F
H959,2006,14.6,F
H960,2006,14.6,F
H9703,2005,10.4,F
H9707,2005,10.4,F
HSAA4,2005,NA,F
H356.1_2001,2001,NA,F
H356.2_2001,2001,NA,M
H356.3_2001,2001,NA,F
H356.4_2001,2001,NA,F
H356.5_2001,2001,NA,M
H356.6_2001,2001,NA,M
H356.7_2001,2001,NA,F
H369.1_2001,2001,NA,M
H374.1,2001,NA,M
H374.2,2001,NA,F
H374.3,2001,NA,F
H374.4,2001,NA,M
H374.5,2001,NA,F
H374.6,2001,NA,M
H374.7,2001,NA,F
H376.1,2001,NA,F
H376.2,2001,NA,M
H376.3,2001,NA,M
H376.4,2001,NA,F
H376.5,2001,NA,F
H376.6,2001,NA,F
H381.1,2001,NA,F
H381.2,2001,NA,M
H381.3,2001,NA,F
H381.4,2001,NA,F
H381.5,2001,NA,F
H381.6,2001,NA,F
H381.7,2001,NA,M
H386.1,2001,NA,F
H386.2,2001,NA,F
H386.3,2001,NA,F
H386.4,2001,NA,M
H386.5,2001,NA,M
H386.6,2001,NA,F
H387.1_2001,2001,NA,F
H387.2_2001,2001,NA,M
H387.3_2001,2001,NA,M
H387.4_2001,2001,NA,M
H387.5_2001,2001,NA,M
H387.6_2001,2001,NA,M
H387.7_2001,2001,NA,M
H393.1_2001,2001,NA,M
H393.2_2001,2001,NA,F
H393.3_2001,2001,NA,F
H393.4_2001,2001,NA,M
H394.1,2001,NA,F
H394.2,2001,NA,F
H394.3,2001,NA,M
H394.4,2001,NA,M
H394.5,2001,NA,M
H394.6,2001,NA,M
H394.7,2001,NA,F
H394.8,2001,NA,M
H394.9,2001,NA,F
H356.1_2002,2002,NA,F
H356.2_2002,2002,NA,M
H356.3_2002,2002,NA,F
H356.4_2002,2002,NA,F
H356.5_2002,2002,NA,F
H356.6_2002,2002,NA,F
H356.7_2002,2002,NA,F
H356.8,2002,NA,F
H360.1,2002,NA,F
H360.10,2002,NA,F
H360.2,2002,NA,F
H360.3,2002,NA,M
H360.4,2002,NA,F
H360.5,2002,NA,F
H360.6,2002,NA,M
H360.7,2002,NA,F
H360.8,2002,NA,M
H360.9,2002,NA,M
H369.1_2002,2002,NA,F
H369.2,2002,NA,F
H369.3,2002,NA,M
H369.4,2002,NA,F
H369.5,2002,NA,F
H369.6,2002,NA,F
H393.1_2002,2002,NA,F
H393.2_2002,2002,NA,F
H393.3_2002,2002,NA,M
H393.4_2002,2002,NA,M
H393.5,2002,NA,M
H393.7,2002,NA,F
H393.8,2002,NA,F
H393.9,2002,NA,M
H017.1_2002,2002,NA,M
H017.2_2002,2002,NA,M
H017.3_2002,2002,NA,F
H017.4_2002,2002,NA,F
H017.5_2002,2002,NA,M
H017.6_2002,2002,NA,M
H017.7_2002,2002,NA,M
H017.8,2002,NA,M
H017.9,2002,NA,M
H032.1,2002,NA,M
H032.2,2002,NA,M
H032.3,2002,NA,F
H032.4,2002,NA,M
H032.5,2002,NA,NA
H032.6,2002,NA,F
H032.7,2002,NA,F
H034.1_2002,2002,NA,F
H034.2_2002,2002,NA,M
H034.3_2002,2002,NA,F
H034.4_2002,2002,NA,F
H034.5_2002,2002,NA,M
H034.6_2002,2002,NA,F
H034.7_2002,2002,NA,M
H034.8_2002,2002,NA,NA
H034.9,2002,NA,F
H070.1_2002,2002,NA,F
H070.2_2002,2002,NA,F
H070.3_2002,2002,NA,F
H070.4_2002,2002,NA,F
H070.5_2002,2002,NA,M
H070.6_2002,2002,NA,M
H077.1,2002,NA,NA
H077.2,2002,NA,M
H077.3,2002,NA,M
H077.4,2002,NA,F
H077.5,2002,NA,F
H077.6,2002,NA,F
H046.4,2002,NA,F
H046.8,2002,NA,F
H029.1_2002,2002,NA,M
H029.2_2002,2002,NA,F
H029.3_2002,2002,NA,F
H029.4_2002,2002,NA,M
H029.5_2002,2002,NA,M
H029.6_2002,2002,NA,M
H029.7,2002,NA,F
H038.1,2002,NA,M
H038.2,2002,NA,F
H038.3,2002,NA,M
H038.4,2002,NA,M
H038.5,2002,NA,F
H038.6,2002,NA,M
H038.7,2002,NA,F
H038.8,2002,NA,M
H041.1,2002,NA,M
H041.2,2002,NA,F
H041.4,2002,NA,F
H041.6,2002,NA,F
H047.1,2002,NA,M
H047.2,2002,NA,M
H047.3,2002,NA,F
H047.4,2002,NA,M
H047.5,2002,NA,F
H047.6,2002,NA,M
H047.7,2002,NA,F
H047.8,2002,NA,F
H047.9,2002,NA,M
H071.1_2002,2002,NA,M
H071.10,2002,NA,NA
H071.2_2002,2002,NA,F
H071.4_2002,2002,NA,F
H071.5_2002,2002,NA,F
H071.6_2002,2002,NA,M
H071.7_2002,2002,NA,M
H071.8,2002,NA,F
H071.9,2002,NA,F
H081.1_2002,2002,NA,NA
H081.2_2002,2002,NA,NA
H081.3_2002,2002,NA,NA
H081.4_2002,2002,NA,NA
H081.5_2002,2002,NA,NA
H081.6,2002,NA,NA
H081.7,2002,NA,NA
H081.8,2002,NA,NA
H083.1,2002,NA,F
H083.2,2002,NA,F
H083.4,2002,NA,M
H083.5,2002,NA,M
H083.6,2002,NA,M
H083.7,2002,NA,F
H083.8,2002,NA,M
H083.9,2002,NA,F
H085.1_2002,2002,NA,M
H085.2_2002,2002,NA,F
H085.3_2002,2002,NA,F
H085.4_2002,2002,NA,M
H085.5_2002,2002,NA,F
H085.6_2002,2002,NA,M
H085.7_2002,2002,NA,F
H085.8_2002,2002,NA,M
H085.9,2002,NA,M
H088.1,2002,NA,M
H088.2,2002,NA,F
H088.3,2002,NA,M
H088.4,2002,NA,M
H088.5,2002,NA,M
H088.6,2002,NA,M
H088.7,2002,NA,F
H088.8,2002,NA,F
H091.1,2002,NA,M
H091.2,2002,NA,M
H400.1,2002,NA,M
H400.2,2002,NA,F
H400.3,2002,NA,M
H400.4,2002,NA,F
H400.5,2002,NA,M
H400.6,2002,NA,F
H400.7,2002,NA,M
H136.1,2003,NA,M
H136.2,2003,NA,M
H136.3,2003,NA,F
H136.4,2003,NA,M
H167.1,2003,NA,M
H167.2,2003,NA,F
H167.3,2003,NA,F
H167.4,2003,NA,F
H167.5,2003,NA,F
H167.6,2003,NA,M
H167.7,2003,NA,F
H167.8,2003,NA,F
H034.1_2003,2003,NA,F
H034.2_2003,2003,NA,F
H034.3_2003,2003,NA,M
H034.4_2003,2003,NA,F
H034.5_2003,2003,NA,F
H034.6_2003,2003,NA,M
H034.7_2003,2003,NA,M
H034.8_2003,2003,NA,M
H048.1,2003,NA,F
H048.2,2003,NA,M
H048.3,2003,NA,M
H048.4,2003,NA,M
H048.5,2003,NA,M
H048.6,2003,NA,M
H048.7,2003,NA,M
H048.8,2003,NA,F
H070.1_2003,2003,NA,M
H070.2_2003,2003,NA,F
H070.3_2003,2003,NA,F
H070.4_2003,2003,NA,M
H070.5_2003,2003,NA,F
H070.6_2003,2003,NA,M
H169.1,2003,NA,M
H169.2,2003,NA,F
H169.3,2003,NA,F
H169.4,2003,NA,F
H169.5,2003,NA,M
H169.6,2003,NA,M
H029.1_2003,2003,NA,M
H029.2_2003,2003,NA,F
H029.3_2003,2003,NA,F
H029.4_2003,2003,NA,F
H029.5_2003,2003,NA,F
H029.6_2003,2003,NA,M
H071.1_2003,2003,NA,F
H071.2_2003,2003,NA,F
H071.3,2003,NA,M
H071.4_2003,2003,NA,M
H071.5_2003,2003,NA,F
H071.6_2003,2003,NA,M
H071.7_2003,2003,NA,F
H081.1_2003,2003,NA,F
H081.2_2003,2003,NA,F
H081.3_2003,2003,NA,F
H081.4_2003,2003,NA,M
H081.5_2003,2003,NA,F
H084.1,2003,NA,F
H084.2,2003,NA,F
H084.3,2003,NA,F
H084.4,2003,NA,M
H084.5,2003,NA,F
H084.6,2003,NA,M
H084.7,2003,NA,M
H084.8,2003,NA,F
H085.1_2003,2003,NA,M
H085.2_2003,2003,NA,M
H085.3_2003,2003,NA,F
H085.4_2003,2003,NA,M
H085.5_2003,2003,NA,F
H085.6_2003,2003,NA,F
H085.7_2003,2003,NA,F
H085.8_2003,2003,NA,M
H133.1,2003,NA,F
H133.2,2003,NA,M
H133.3,2003,NA,M
H133.4,2003,NA,M
H133.5,2003,NA,M
H133.6,2003,NA,F
H133.7,2003,NA,F
H133.8,2003,NA,M
H133.9,2003,NA,F
H147.1,2003,NA,F
H147.2,2003,NA,M
H147.3,2003,NA,F
H147.4,2003,NA,F
H147.5,2003,NA,M
H147.6,2003,NA,F
H147.7,2003,NA,F
H147.8,2003,NA,M
H147.9,2003,NA,F
H115.1,2003,NA,F
H115.2,2003,NA,F
H115.3,2003,NA,F
H115.4,2003,NA,M
H115.5,2003,NA,F
H115.6,2003,NA,F
H115.7,2003,NA,M
H115.8,2003,NA,M
H115.9,2003,NA,M
H150.1,2003,NA,F
H150.2,2003,NA,F
H150.3,2003,NA,F
H150.4,2003,NA,M
H150.5,2003,NA,M
H150.6,2003,NA,M
H150.7,2003,NA,M
H177.1,2003,NA,M
H177.2,2003,NA,F
H177.3,2003,NA,M
H177.4,2003,NA,F
H177.5,2003,NA,M
H177.6,2003,NA,M
H195.1_2003,2003,NA,F
H195.2_2003,2003,NA,F
H195.3_2003,2003,NA,F
H195.4_2003,2003,NA,M
H195.5_2003,2003,NA,M
H195.6_2003,2003,NA,F
H195.7_2003,2003,NA,M
H441.1_2004,2004,NA,F
H441.2_2004,2004,NA,F
H441.3_2004,2004,NA,M
H441.4_2004,2004,NA,F
H441.5_2004,2004,NA,M
H441.6_2004,2004,NA,F
H441.7_2004,2004,NA,F
H441.8_2004,2004,NA,F
H441.9_2004,2004,NA,M
H446.1,2004,NA,F
H446.2,2004,NA,F
H446.3,2004,NA,F
H446.4,2004,NA,F
H446.5,2004,NA,F
H446.6,2004,NA,F
H446.7,2004,NA,M
H447.1,2004,NA,M
H447.2,2004,NA,F
H447.3,2004,NA,M
H447.4,2004,NA,F
H447.5,2004,NA,F
H447.6,2004,NA,M
H447.7,2004,NA,M
H447.8,2004,NA,M
H447.9,2004,NA,F
H060.1,2004,NA,F
H060.10,2004,NA,F
H060.2,2004,NA,F
H060.3,2004,NA,F
H060.4,2004,NA,M
H060.5,2004,NA,F
H060.6,2004,NA,F
H060.7,2004,NA,F
H060.8,2004,NA,F
H060.9,2004,NA,F
H070.1_2004,2004,NA,M
H070.2_2004,2004,NA,F
H070.3_2004,2004,NA,M
H070.4_2004,2004,NA,F
H070.5_2004,2004,NA,F
H070.6_2004,2004,NA,M
H513.1,2004,NA,M
H513.2,2004,NA,F
H513.3,2004,NA,M
H513.4,2004,NA,F
H513.5,2004,NA,M
H513.6,2004,NA,F
H532.1,2004,NA,M
H532.2,2004,NA,M
H532.3,2004,NA,F
H532.4,2004,NA,M
H532.5,2004,NA,F
H532.6,2004,NA,F
H532.7,2004,NA,F
H532.8,2004,NA,F
H145.1,2004,NA,F
H145.2,2004,NA,M
H145.3,2004,NA,F
H145.4,2004,NA,F
H145.5,2004,NA,M
H145.6,2004,NA,F
H145.7,2004,NA,F
H179.1,2004,NA,F
H179.2,2004,NA,M
H179.3,2004,NA,F
H179.4,2004,NA,M
H181.1,2004,NA,F
H181.2,2004,NA,M
H181.3,2004,NA,M
H181.4,2004,NA,M
H181.5,2004,NA,F
H181.6,2004,NA,M
H181.7,2004,NA,F
H194.1_2004,2004,NA,F
H194.2_2004,2004,NA,F
H194.3_2004,2004,NA,F
H194.4_2004,2004,NA,F
H194.5_2004,2004,NA,M
H194.6_2004,2004,NA,F
H194.7_2004,2004,NA,F
H194.8_2004,2004,NA,M
H194.9,2004,NA,F
H195.1_2004,2004,NA,F
H195.2_2004,2004,NA,M
H195.3_2004,2004,NA,F
H195.4_2004,2004,NA,F
H195.5_2004,2004,NA,M
H195.6_2004,2004,NA,M
H195.7_2004,2004,NA,M
H195.8,2004,NA,M
H195.9,2004,NA,F
H506.1,2004,NA,M
H506.2,2004,NA,F
H506.3,2004,NA,F
H506.4,2004,NA,F
H506.5,2004,NA,F
H506.6,2004,NA,M
H506.7,2004,NA,F
H533.1,2004,NA,F
H533.2,2004,NA,F
H533.3,2004,NA,M
H533.4,2004,NA,M
H409.1,2004,NA,F
H409.10,2004,NA,M
H409.2,2004,NA,M
H409.3,2004,NA,M
H409.4,2004,NA,M
H409.5,2004,NA,F
H409.6,2004,NA,M
H409.7,2004,NA,M
H409.8,2004,NA,F
H409.9,2004,NA,M
H441.1_2005,2005,NA,NA
H441.2_2005,2005,NA,NA
H441.3_2005,2005,NA,NA
H441.4_2005,2005,NA,NA
H441.5_2005,2005,NA,NA
H441.6_2005,2005,NA,NA
H441.7_2005,2005,NA,NA
H441.8_2005,2005,NA,NA
H441.9_2005,2005,NA,NA
H7379.1_2005,2005,NA,NA
H7379.2_2005,2005,NA,NA
H7379.3_2005,2005,NA,NA
H7379.4_2005,2005,NA,NA
H7379.5_2005,2005,NA,NA
H7379.6_2005,2005,NA,NA
H7379.7_2005,2005,NA,NA
H9560.1,2005,NA,NA
H9560.10,2005,NA,NA
H9560.2,2005,NA,NA
H9560.3,2005,NA,NA
H9560.4,2005,NA,NA
H9560.5,2005,NA,NA
H9560.6,2005,NA,NA
H9560.7,2005,NA,NA
H9560.8,2005,NA,NA
H9560.9,2005,NA,NA
H462.1,2005,NA,NA
H462.2,2005,NA,NA
H462.3,2005,NA,NA
H462.4,2005,NA,NA
H462.5,2005,NA,NA
H462.6,2005,NA,NA
H462.7,2005,NA,NA
H462.8,2005,NA,NA
H462.9,2005,NA,NA
H7395.1_2005,2005,NA,NA
H477.1,2005,NA,NA
H477.2,2005,NA,NA
H477.3,2005,NA,NA
H477.4,2005,NA,NA
H477.5,2005,NA,NA
H477.6,2005,NA,NA
H477.7,2005,NA,NA
H516.1,2005,NA,NA
H516.2,2005,NA,NA
H516.3,2005,NA,NA
H516.4,2005,NA,NA
H516.5,2005,NA,NA
H516.6,2005,NA,NA
H516.7,2005,NA,NA
H516.8,2005,NA,NA
H516.9,2005,NA,NA
H428.1_2005,2005,NA,NA
H428.2_2005,2005,NA,NA
H428.3_2005,2005,NA,NA
H428.4_2005,2005,NA,NA
H428.5_2005,2005,NA,NA
H428.6_2005,2005,NA,NA
H428.7,2005,NA,NA
H428.8,2005,NA,NA
H428.9,2005,NA,NA
H453.1,2005,NA,NA
H453.2,2005,NA,NA
H453.3,2005,NA,NA
H453.4,2005,NA,NA
H453.5,2005,NA,NA
H453.6,2005,NA,NA
H453.7,2005,NA,NA
H453.8,2005,NA,NA
H453.9,2005,NA,NA
H545.1_2005,2005,NA,NA
H545.2_2005,2005,NA,NA
H545.3_2005,2005,NA,NA
H545.4_2005,2005,NA,NA
H545.5_2005,2005,NA,NA
H545.6_2005,2005,NA,NA
H545.7_2005,2005,NA,NA
H545.8_2005,2005,NA,NA
H547.1,2005,NA,NA
H547.2,2005,NA,NA
H547.3,2005,NA,NA
H547.4,2005,NA,NA
H547.5,2005,NA,NA
H547.6,2005,NA,NA
H547.7,2005,NA,NA
H547.8,2005,NA,NA
H548.1,2005,NA,NA
H548.2,2005,NA,NA
H548.3,2005,NA,NA
H548.4,2005,NA,NA
H548.5,2005,NA,NA
H548.6,2005,NA,NA
H548.7,2005,NA,NA
H548.8,2005,NA,NA
H548.9,2005,NA,NA
H7389.1,2005,NA,NA
H7389.2,2005,NA,NA
H7389.3,2005,NA,NA
H7389.4,2005,NA,NA
H7389.5,2005,NA,NA
H7389.6,2005,NA,NA
H7389.7,2005,NA,NA
H7389.8,2005,NA,NA
H7389.9,2005,NA,NA
H7485.1,2005,NA,NA
H7485.2,2005,NA,NA
H7485.3,2005,NA,NA
H7485.4,2005,NA,NA
H7485.5,2005,NA,NA
H7485.6,2005,NA,NA
H7485.7,2005,NA,NA
H539.1,2005,NA,NA
H539.2,2005,NA,NA
H539.3,2005,NA,NA
H539.4,2005,NA,NA
H539.5,2005,NA,NA
H539.6,2005,NA,NA
H539.7,2005,NA,NA
H539.8,2005,NA,NA
H539.9,2005,NA,NA
H540.1,2005,NA,NA
H540.2,2005,NA,NA
H540.3,2005,NA,NA
H540.4,2005,NA,NA
H540.5,2005,NA,NA
H540.6,2005,NA,NA
H540.7,2005,NA,NA
H540.8,2005,NA,NA
H9558.1,2005,NA,NA
H9558.2,2005,NA,NA
H9558.3,2005,NA,NA
H9558.4,2005,NA,NA
H9558.5,2005,NA,NA
H9558.6,2005,NA,NA
H9563.1,2005,NA,NA
H9563.2,2005,NA,NA
H9563.3,2005,NA,NA
H9563.4,2005,NA,NA
H9563.5,2005,NA,NA
H9563.6,2005,NA,NA
H9563.7,2005,NA,NA
H9563.8,2005,NA,NA
H9563.9,2005,NA,NA
H9572.1,2005,NA,NA
H9572.2,2005,NA,NA
H9572.3,2005,NA,NA
H9572.4,2005,NA,NA
H9572.5,2005,NA,NA
H487.1,2005,NA,NA
H487.2,2005,NA,NA
H487.3,2005,NA,NA
H487.4,2005,NA,NA
H487.5,2005,NA,NA
H9555.1,2005,NA,NA
H9555.2,2005,NA,NA
H9555.3,2005,NA,NA
H9555.4,2005,NA,NA
H9555.5,2005,NA,NA
H9555.6,2005,NA,NA
H9555.7,2005,NA,NA
H9703.1,2005,NA,NA
H9703.2,2005,NA,NA
H9703.3,2005,NA,NA
H9703.4,2005,NA,NA
H9703.5,2005,NA,NA
H9707.1,2005,NA,NA
H9707.2,2005,NA,NA
H9707.3,2005,NA,NA
H9707.4,2005,NA,NA
H9707.5,2005,NA,NA
H9707.6,2005,NA,NA
H9707.7,2005,NA,NA
H9707.8,2005,NA,NA
HSAA4.1,2005,NA,NA
HSAA4.2,2005,NA,NA
HSAA4.3,2005,NA,NA
HSAA4.4,2005,NA,NA
HSAA4.5,2005,NA,NA
HSAA4.6,2005,NA,NA
HSAA4.7,2005,NA,NA
H194.1_2003,2003,NA,F
H194.2_2003,2003,NA,M
H194.3_2003,2003,NA,M
H194.4_2003,2003,NA,M
H194.5_2003,2003,NA,M
H194.6_2003,2003,NA,F
H194.7_2003,2003,NA,M
H194.8_2003,2003,NA,M
H155.1,2003,NA,M
H155.2,2003,NA,M
H155.3,2003,NA,F
H155.4,2003,NA,M
H155.5,2003,NA,M
H155.6,2003,NA,M
H155.7,2003,NA,M
H155.8,2003,NA,M
H155.9,2003,NA,M
H076.1_2003,2003,NA,M
H076.2_2003,2003,NA,F
H076.3_2003,2003,NA,F
H076.4_2003,2003,NA,M
H076.5_2003,2003,NA,F
H076.6_2003,2003,NA,M
H076.7_2003,2003,NA,M
H169607.1,2006,NA,NA
H169607.2,2006,NA,NA
H169607.3,2006,NA,NA
H169607.4,2006,NA,NA
H169607.5,2006,NA,NA
H169607.6,2006,NA,NA
H169607.7,2006,NA,NA
H169607.8,2006,NA,NA
H171902.1,2006,NA,NA
H171902.2,2006,NA,NA
H171902.3,2006,NA,NA
H171902.4,2006,NA,NA
H171902.6,2006,NA,NA
H171902.7,2006,NA,NA
H171902.8,2006,NA,NA
H171902.9,2006,NA,NA
H171902.10,2006,NA,NA
H169633.1,2006,NA,NA
H169633.2,2006,NA,NA
H169633.3,2006,NA,NA
H169633.4,2006,NA,NA
H169633.5,2006,NA,NA
H171903.1,2006,NA,NA
H171903.2,2006,NA,NA
H171903.3,2006,NA,NA
H171903.4,2006,NA,NA
H171903.5,2006,NA,NA
H171903.6,2006,NA,NA
H166022.1,2006,NA,NA
H166022.2,2006,NA,NA
H166022.3,2006,NA,NA
H166022.4,2006,NA,NA
H166022.5,2006,NA,NA
H166022.6,2006,NA,NA
H166022.7,2006,NA,NA
H166022.8,2006,NA,NA
H543.1,2006,NA,NA
H543.2,2006,NA,NA
H543.3,2006,NA,NA
H543.4,2006,NA,NA
H543.5,2006,NA,NA
H543.6,2006,NA,NA
H543.7,2006,NA,NA
H543.8,2006,NA,NA
H543.9,2006,NA,NA
H545.1_2006,2006,NA,NA
H545.2_2006,2006,NA,NA
H545.3_2006,2006,NA,NA
H545.4_2006,2006,NA,NA
H545.5_2006,2006,NA,NA
H545.6_2006,2006,NA,NA
H545.7_2006,2006,NA,NA
H545.8_2006,2006,NA,NA
H545.9,2006,NA,NA
H167547.1,2006,NA,NA
H167547.2,2006,NA,NA
H167547.3,2006,NA,NA
H167547.4,2006,NA,NA
H167547.5,2006,NA,NA
H167547.6,2006,NA,NA
H167547.7,2006,NA,NA
H167513.1,2006,NA,NA
H167513.2,2006,NA,NA
H167513.3,2006,NA,NA
H167513.4,2006,NA,NA
H167513.5,2006,NA,NA
H167513.6,2006,NA,NA
H167513.7,2006,NA,NA
H167513.8,2006,NA,NA
H167397.1,2006,NA,NA
H167397.2,2006,NA,NA
H167397.3,2006,NA,NA
H167397.4,2006,NA,NA
H167397.5,2006,NA,NA
H167397.6,2006,NA,NA
H171929.1,2006,NA,NA
H171929.2,2006,NA,NA
H171929.3,2006,NA,NA
H171929.4,2006,NA,NA
H171929.5,2006,NA,NA
H171929.6,2006,NA,NA
H171929.7,2006,NA,NA
H171929.8,2006,NA,NA
H171929.9,2006,NA,NA
H171929.10,2006,NA,NA
H171929.11,2006,NA,NA
H747.1,2006,NA,NA
H747.2,2006,NA,NA
H747.3,2006,NA,NA
H747.4,2006,NA,NA
H747.5,2006,NA,NA
H747.6,2006,NA,NA
H747.7,2006,NA,NA
H428.1_2006,2006,NA,NA
H428.2_2006,2006,NA,NA
H428.3_2006,2006,NA,NA
H428.4_2006,2006,NA,NA
H428.6_2006,2006,NA,NA
H725.1,2006,NA,NA
H725.2,2006,NA,NA
H725.3,2006,NA,NA
H725.4,2006,NA,NA
H725.5,2006,NA,NA
H725.6,2006,NA,NA
H725.7,2006,NA,NA
H725.8,2006,NA,NA
H726.1,2006,NA,NA
H726.2,2006,NA,NA
H726.3,2006,NA,NA
H726.4,2006,NA,NA
H726.5,2006,NA,NA
H646.1,2006,NA,NA
H646.2,2006,NA,NA
H646.3,2006,NA,NA
H646.4,2006,NA,NA
H646.5,2006,NA,NA
H658.1,2006,NA,NA
H658.2,2006,NA,NA
H658.3,2006,NA,NA
H658.4,2006,NA,NA
H658.5,2006,NA,NA
H658.6,2006,NA,NA
H658.7,2006,NA,NA
H658.8,2006,NA,NA
H658.9,2006,NA,NA
H658.10,2006,NA,NA
H742.1,2006,NA,NA
H742.2,2006,NA,NA
H742.3,2006,NA,NA
H615.1,2006,NA,NA
H615.2,2006,NA,NA
H615.3,2006,NA,NA
H615.4,2006,NA,NA
H615.5,2006,NA,NA
H615.6,2006,NA,NA
H703.1,2006,NA,NA
H703.2,2006,NA,NA
H703.3,2006,NA,NA
H703.4,2006,NA,NA
H703.5,2006,NA,NA
H703.6,2006,NA,NA
H703.7,2006,NA,NA
H703.8,2006,NA,NA
H703.9,2006,NA,NA
H703.10,2006,NA,NA
H705.1,2006,NA,NA
H705.2,2006,NA,NA
H705.3,2006,NA,NA
H705.4,2006,NA,NA
H705.5,2006,NA,NA
H705.6,2006,NA,NA
H705.7,2006,NA,NA
H909.1,2006,NA,NA
H909.2,2006,NA,NA
H909.3,2006,NA,NA
H909.4,2006,NA,NA
H909.6,2006,NA,NA
H909.8,2006,NA,NA
H909.9,2006,NA,NA
H586.1,2006,NA,NA
H586.2,2006,NA,NA
H586.3,2006,NA,NA
H586.4,2006,NA,NA
H586.5,2006,NA,NA
H586.6,2006,NA,NA
H586.7,2006,NA,NA
H586.8,2006,NA,NA
H586.9,2006,NA,NA
H586.10,2006,NA,NA
H741.1,2006,NA,NA
H741.2,2006,NA,NA
H741.3,2006,NA,NA
H741.4,2006,NA,NA
H741.5,2006,NA,NA
H741.6,2006,NA,NA
H741.7,2006,NA,NA
H741.8,2006,NA,NA
H7379.1_2006,2006,NA,NA
H7379.2_2006,2006,NA,NA
H7379.3_2006,2006,NA,NA
H7379.4_2006,2006,NA,NA
H7379.5_2006,2006,NA,NA
H7379.6_2006,2006,NA,NA
H7379.7_2006,2006,NA,NA
H7379.8,2006,NA,NA
H610.1,2006,NA,NA
H610.2,2006,NA,NA
H610.3,2006,NA,NA
H610.4,2006,NA,NA
H610.5,2006,NA,NA
H610.6,2006,NA,NA
H610.7,2006,NA,NA
H610.8,2006,NA,NA
H610.9,2006,NA,NA
H563.1,2006,NA,NA
H563.2,2006,NA,NA
H563.3,2006,NA,NA
H563.4,2006,NA,NA
H563.5,2006,NA,NA
H563.6,2006,NA,NA
H563.7,2006,NA,NA
H563.8,2006,NA,NA
H563.9,2006,NA,NA
H392.1,2001,NA,F
H392.2,2001,NA,F
H392.3,2001,NA,M
H392.4,2001,NA,M
H392.5,2001,NA,M
H392.6,2001,NA,M
H392.7,2001,NA,F
Rad451.1,2001,NA,NA
Rad451.2,2001,NA,NA
Rad451.3,2001,NA,NA
H005.1,2002,NA,M
H005.2,2002,NA,F
H005.3,2002,NA,M
H005.4,2002,NA,F
H005.5,2002,NA,M
H005.6,2002,NA,F
H005.7,2002,NA,F
H005.8,2002,NA,F
H005.9,2002,NA,F
H031.1,2002,NA,F
H031.2,2002,NA,M
H031.3,2002,NA,F
H031.4,2002,NA,F
H031.5,2002,NA,M
H031.6,2002,NA,M
H031.7,2002,NA,F
H031.8,2002,NA,F
H016.1,2002,NA,F
H016.2,2002,NA,M
H016.3,2002,NA,F
H016.4,2002,NA,M
H009.1,2002,NA,F
H009.2,2002,NA,M
H009.3,2002,NA,F
H009.4,2002,NA,F
H009.5,2002,NA,F
H009.6,2002,NA,F
H076.1_2002,2002,NA,M
H076.2_2002,2002,NA,F
H076.3_2002,2002,NA,F
H076.4_2002,2002,NA,M
H076.5_2002,2002,NA,NA
H076.6_2002,2002,NA,NA
H076.7_2002,2002,NA,F
H008.1,2002,NA,M
H008.2,2002,NA,M
H008.3,2002,NA,F
H008.4,2002,NA,F
H008.5,2002,NA,M
H008.6,2002,NA,F
H008.7,2002,NA,F
H008.8,2002,NA,M
H008.9,2002,NA,F
H153.1,2003,NA,F
H153.2,2003,NA,M
H153.3,2003,NA,M
H153.4,2003,NA,F
H173.1,2003,NA,M
H173.2,2003,NA,M
H173.3,2003,NA,M
H173.4,2003,NA,F
H173.5,2003,NA,M
H017.1_2003,2003,NA,F
H017.2_2003,2003,NA,F
H017.3_2003,2003,NA,F
H017.4_2003,2003,NA,F
H017.5_2003,2003,NA,F
H017.6_2003,2003,NA,F
H017.7_2003,2003,NA,M
H097.1,2003,NA,NA
H097.2,2003,NA,M
H097.3,2003,NA,M
H097.4,2003,NA,F
H097.5,2003,NA,F
H097.6,2003,NA,F
H097.7,2003,NA,F
H124.1,2003,NA,F
H124.2,2003,NA,F
H124.3,2003,NA,F
H124.4,2003,NA,M
H124.5,2003,NA,F
H132.1,2003,NA,M
H132.2,2003,NA,M
H132.3,2003,NA,F
H132.4,2003,NA,M
H132.5,2003,NA,F
H132.6,2003,NA,F
H132.7,2003,NA,F
H030.1,2003,NA,F
H030.2,2003,NA,M
H043.1,2003,NA,F
H043.2,2003,NA,F
H043.3,2003,NA,F
H043.4,2003,NA,F
H043.5,2003,NA,F
H043.6,2003,NA,M
H043.7,2003,NA,F
H043.8,2003,NA,M
H043.9,2003,NA,M
H109.1,2003,NA,F
H109.2,2003,NA,F
H109.3,2003,NA,M
H109.4,2003,NA,M
H109.5,2003,NA,F
H109.6,2003,NA,M
H126.1,2003,NA,M
H126.2,2003,NA,M
H126.3,2003,NA,M
H126.4,2003,NA,F
H126.5,2003,NA,F
H126.6,2003,NA,F
H126.7,2003,NA,M
H130.1,2003,NA,F
H130.2,2003,NA,F
H130.3,2003,NA,M
H130.4,2003,NA,F
H130.5,2003,NA,M
H190.1,2003,NA,F
H190.2,2003,NA,F
H190.3,2003,NA,M
H190.4,2003,NA,M
H190.5,2003,NA,F
H190.6,2003,NA,M
H190.7,2003,NA,F
H190.8,2003,NA,M
H190.9,2003,NA,M
H148.1,2003,NA,F
H148.2,2003,NA,F
H148.3,2003,NA,F
H148.4,2003,NA,F
H148.5,2003,NA,M
H148.6,2003,NA,F
H148.7,2003,NA,M
H148.8,2003,NA,F
H148.9,2003,NA,M
H149.1,2003,NA,M
H149.2,2003,NA,M
H149.3,2003,NA,M
H149.4,2003,NA,M
H149.5,2003,NA,F
H149.6,2003,NA,M
H149.7,2003,NA,M
H180.1,2003,NA,F
H180.2,2003,NA,F
H180.3,2003,NA,F
H180.4,2003,NA,F
H180.5,2003,NA,M
H180.6,2003,NA,M
H196.1,2004,NA,M
H196.2,2004,NA,F
H196.3,2004,NA,M
H196.4,2004,NA,M
H196.5,2004,NA,M
H196.6,2004,NA,M
H412.1,2004,NA,M
H412.2,2004,NA,M
H412.3,2004,NA,M
H412.4,2004,NA,F
H412.5,2004,NA,M
H412.6,2004,NA,M
H412.7,2004,NA,M
H412.8,2004,NA,M
H412.9,2004,NA,M
H442.1_2004,2004,NA,M
H442.2_2004,2004,NA,F
H442.3_2004,2004,NA,F
H442.4_2004,2004,NA,M
H442.5_2004,2004,NA,M
H442.6_2004,2004,NA,F
H448.1,2004,NA,F
H448.2,2004,NA,F
H448.3,2004,NA,M
H448.4,2004,NA,M
H509.1,2004,NA,M
H509.2,2004,NA,F
H509.3,2004,NA,M
H509.4,2004,NA,F
H509.5,2004,NA,F
H509.6,2004,NA,F
H509.7,2004,NA,M
UNK1,2004,NA,F
UNK2,2004,NA,F
UNK3,2004,NA,M
H076.1_2004,2004,NA,F
H076.2_2004,2004,NA,F
H076.3_2004,2004,NA,M
H076.4_2004,2004,NA,F
H076.5_2004,2004,NA,F
H076.6_2004,2004,NA,F
H076.7_2004,2004,NA,M
UNK4,2004,NA,M
UNK5,2004,NA,F
UNK6,2004,NA,F
UNK7,2004,NA,F
UNK8,2004,NA,M
UNK9,2004,NA,F
H512.1,2004,NA,M
H512.10,2004,NA,F
H512.2,2004,NA,M
H512.3,2004,NA,M
H512.4,2004,NA,F
H512.5,2004,NA,M
H512.6,2004,NA,F
H512.7,2004,NA,F
H512.8,2004,NA,F
H512.9,2004,NA,M
H105.1,2004,NA,F
H105.2,2004,NA,F
H105.3,2004,NA,M
H105.4,2004,NA,M
H105.5,2004,NA,F
H105.6,2004,NA,M
H105.7,2004,NA,F
H105.8,2004,NA,M
H415.1,2004,NA,F
H415.2,2004,NA,M
H415.3,2004,NA,F
H415.4,2004,NA,M
H415.5,2004,NA,F
H415.6,2004,NA,M
H415.7,2004,NA,F
H413.1,2004,NA,M
H413.2,2004,NA,F
H413.3,2004,NA,F
H413.4,2004,NA,F
H413.5,2004,NA,M
H413.6,2004,NA,F
H413.7,2004,NA,M
H442.1_2005,2005,NA,NA
H442.2_2005,2005,NA,NA
H442.3_2005,2005,NA,NA
H442.4_2005,2005,NA,NA
H442.5_2005,2005,NA,NA
H442.6_2005,2005,NA,NA
H442.7,2005,NA,NA
H442.8,2005,NA,NA
H442.9,2005,NA,NA
H479.1_2005,2005,NA,NA
H479.2_2005,2005,NA,NA
H479.3_2005,2005,NA,NA
H479.4_2005,2005,NA,NA
H479.5_2005,2005,NA,NA
H479.6_2005,2005,NA,NA
H479.7_2005,2005,NA,NA
H479.8_2005,2005,NA,NA
H7374.1,2005,NA,NA
H7374.2,2005,NA,NA
H7374.3,2005,NA,NA
H7374.4,2005,NA,NA
H7374.5,2005,NA,NA
H7374.6,2005,NA,NA
H7374.7,2005,NA,NA
H7374.8,2005,NA,NA
H7374.9,2005,NA,NA
H452.1,2005,NA,NA
H452.10,2005,NA,NA
H452.2,2005,NA,NA
H452.3,2005,NA,NA
H452.4,2005,NA,NA
H452.5,2005,NA,NA
H452.6,2005,NA,NA
H452.7,2005,NA,NA
H452.8,2005,NA,NA
H452.9,2005,NA,NA
H439,2004,NA,NA
H439.1,2004,NA,M
H439.2,2004,NA,M
H439.3,2004,NA,F
H439.4,2004,NA,F
H439.5,2004,NA,F
H439.6,2004,NA,M
H439.7,2004,NA,F
H439.8,2004,NA,M
H439.9,2004,NA,M
H7484.1,2005,NA,NA
H7484.2,2005,NA,NA
H7484.3,2005,NA,NA
H7484.4,2005,NA,NA
H7484.5,2005,NA,NA
H7484.6,2005,NA,NA
H7484.7,2005,NA,NA
H7484.8,2005,NA,NA
H387.9,2002,NA,M
H535.1,2006,NA,NA
H535.2,2006,NA,NA
H535.3,2006,NA,NA
H535.4,2006,NA,NA
H535.5,2006,NA,NA
H535.6,2006,NA,NA
H535.7,2006,NA,NA
H535.8,2006,NA,NA
H535.9,2006,NA,NA
kos339.1,2006,NA,NA
kos339.2,2006,NA,NA
kos339.3,2006,NA,NA
kos339.4,2006,NA,NA
kos339.5,2006,NA,NA
kos339.6,2006,NA,NA
kos339.7,2006,NA,NA
kos339.8,2006,NA,NA
kos339.9,2006,NA,NA
H169688.1,2006,NA,NA
H169688.2,2006,NA,NA
H169688.3,2006,NA,NA
H169688.4,2006,NA,NA
H169688.5,2006,NA,NA
H169688.6,2006,NA,NA
H169688.7,2006,NA,NA
H171930.1,2006,NA,NA
H171930.2,2006,NA,NA
H171930.3,2006,NA,NA
H171930.4,2006,NA,NA
H171930.5,2006,NA,NA
H171930.6,2006,NA,NA
H171930.7,2006,NA,NA
H171930.8,2006,NA,NA
H169750.1,2006,NA,NA
H169750.2,2006,NA,NA
H169750.3,2006,NA,NA
H169750.4,2006,NA,NA
H169750.5,2006,NA,NA
H169750.6,2006,NA,NA
H169750.7,2006,NA,NA
H720.1,2006,NA,NA
H720.2,2006,NA,NA
H720.3,2006,NA,NA
H720.4,2006,NA,NA
H720.5,2006,NA,NA
H720.6,2006,NA,NA
H720.7,2006,NA,NA
H720.8,2006,NA,NA
H720.9,2006,NA,NA
H682.1,2006,NA,NA
H682.6,2006,NA,NA
H724.1,2006,NA,NA
H724.2,2006,NA,NA
H724.3,2006,NA,NA
H724.4,2006,NA,NA
H724.5,2006,NA,NA
H724.6,2006,NA,NA
H479.1_2006,2006,NA,NA
H479.2_2006,2006,NA,NA
H479.3_2006,2006,NA,NA
H479.4_2006,2006,NA,NA
H479.5_2006,2006,NA,NA
H479.6_2006,2006,NA,NA
H479.7_2006,2006,NA,NA
H479.8_2006,2006,NA,NA
H479.9,2006,NA,NA
H479.10,2006,NA,NA
H457.1,2006,NA,NA
H457.2,2006,NA,NA
H457.3,2006,NA,NA
H457.4,2006,NA,NA
H457.5,2006,NA,NA
H457.6,2006,NA,NA
H457.7,2006,NA,NA
H457.8,2006,NA,NA
H728.1,2006,NA,NA
H728.2,2006,NA,NA
H728.3,2006,NA,NA
H728.4,2006,NA,NA
H728.5,2006,NA,NA
H728.6,2006,NA,NA
H728.7,2006,NA,NA
H567.1,2006,NA,NA
H567.2,2006,NA,NA
H567.3,2006,NA,NA
H567.4,2006,NA,NA
H567.5,2006,NA,NA
H567.6,2006,NA,NA
H567.7,2006,NA,NA
H567.8,2006,NA,NA
H958.1,2006,NA,NA
H958.2,2006,NA,NA
H958.3,2006,NA,NA
H958.4,2006,NA,NA
H958.5,2006,NA,NA
H958.6,2006,NA,NA
H958.7,2006,NA,NA
H635.1,2006,NA,NA
H635.2,2006,NA,NA
H635.3,2006,NA,NA
H635.4,2006,NA,NA
H635.5,2006,NA,NA
H635.6,2006,NA,NA
H635.7,2006,NA,NA
H635.8,2006,NA,NA
H635.9,2006,NA,NA
H473.1,2006,NA,NA
H473.2,2006,NA,NA
H473.3,2006,NA,NA
H473.4,2006,NA,NA
H473.5,2006,NA,NA
H473.6,2006,NA,NA
H473.7,2006,NA,NA
H473.8,2006,NA,NA
H7352.1,2006,NA,NA
H7352.2,2006,NA,NA
H7352.3,2006,NA,NA
H7352.4,2006,NA,NA
H7352.5,2006,NA,NA
H7352.6,2006,NA,NA
H7352.7,2006,NA,NA
H7359.1,2006,NA,NA
H7359.2,2006,NA,NA
H7359.3,2006,NA,NA
H7359.4,2006,NA,NA
H7359.5,2006,NA,NA
saaRTON.1,2006,NA,NA
saaRTON.2,2006,NA,NA
saaRTON.3,2006,NA,NA
saaRTON.4,2006,NA,NA
saaRTON.5,2006,NA,NA
saaRTON.6,2006,NA,NA
saaRTON.7,2006,NA,NA
saaRTON.8,2006,NA,NA
saaRTON.9,2006,NA,NA
saaRTON.10,2006,NA,NA
H611.1,2006,NA,NA
H611.2,2006,NA,NA
H611.3,2006,NA,NA
H611.4,2006,NA,NA
H611.5,2006,NA,NA
H611.6,2006,NA,NA
H927.1,2006,NA,NA
H927.2,2006,NA,NA
H927.3,2006,NA,NA
H927.4,2006,NA,NA
H927.5,2006,NA,NA
H927.6,2006,NA,NA
H928.1,2006,NA,NA
H928.2,2006,NA,NA
H928.3,2006,NA,NA
H928.4,2006,NA,NA
H928.5,2006,NA,NA
H928.6,2006,NA,NA
H928.7,2006,NA,NA
H171933.1,2006,NA,NA
H171933.2,2006,NA,NA
H171933.3,2006,NA,NA
H171933.4,2006,NA,NA
H171933.5,2006,NA,NA
H171933.6,2006,NA,NA
H171933.7,2006,NA,NA
H171933.8,2006,NA,NA
H171933.9,2006,NA,NA
H7395.1_2006,2006,NA,NA
H7395.2,2006,NA,NA
H7395.3,2006,NA,NA
H7395.4,2006,NA,NA
H7395.5,2006,NA,NA
H7395.6,2006,NA,NA
H7395.7,2006,NA,NA
H7395.8,2006,NA,NA
H7395.9,2006,NA,NA
H590.1,2006,NA,NA
H590.2,2006,NA,NA
H590.3,2006,NA,NA
H590.4,2006,NA,NA
H590.5,2006,NA,NA
H590.6,2006,NA,NA
H590.7,2006,NA,NA
H590.8,2006,NA,NA
H590.10,2006,NA,NA
H608.1,2006,NA,NA
H608.2,2006,NA,NA
H608.3,2006,NA,NA
H608.4,2006,NA,NA
H608.5,2006,NA,NA
H608.6,2006,NA,NA
H608.7,2006,NA,NA
H608.8,2006,NA,NA
H042_2002,2002,NA,F
H042.1_2002,2002,NA,F
H042.2_2002,2002,NA,M
H042.3_2002,2002,NA,F
H042.4_2002,2002,NA,F
H042.5,2002,NA,M
H042.6,2002,NA,M
H042.7,2002,NA,F
H042.8,2002,NA,M
H7496.1,2005,NA,NA
H7496.10,2005,NA,NA
H7496.11,2005,NA,NA
H7496.2,2005,NA,NA
H7496.3,2005,NA,NA
H7496.4,2005,NA,NA
H7496.5,2005,NA,NA
H7496.6,2005,NA,NA
H7496.7,2005,NA,NA
H7496.8,2005,NA,NA
H042_2003,2003,NA,F
H042.1_2003,2003,NA,F
H042.2_2003,2003,NA,M
H042.3_2003,2003,NA,F
H042.4_2003,2003,NA,M
H7354.1,2005,NA,NA
H7354.2,2005,NA,NA
H7354.3,2005,NA,NA
H7354.4,2005,NA,NA
H7354.5,2005,NA,NA
H7354.6,2005,NA,NA
H7354.7,2005,NA,NA
H171901.1,2006,NA,NA
H171901.2,2006,NA,NA
H171901.3,2006,NA,NA
H171901.4,2006,NA,NA
H171901.5,2006,NA,NA
H171901.6,2006,NA,NA
H171901.7,2006,NA,NA
H167496.1,2006,NA,NA
H167496.2,2006,NA,NA
H167496.3,2006,NA,NA
H167496.4,2006,NA,NA
H167496.6,2006,NA,NA
H167496.7,2006,NA,NA
H167496.8,2006,NA,NA
H481.1,2006,NA,NA
H481.2,2006,NA,NA
H481.3,2006,NA,NA
H481.4,2006,NA,NA
H481.5,2006,NA,NA
H481.6,2006,NA,NA
H481.7,2006,NA,NA
H481.8,2006,NA,NA
