Sex,Year,Age group,Mean height,Mean height standard error
Boys,1985,5,105.6490519,0.258115469
Boys,1985,6,111.6353523,0.227526225
Boys,1985,7,117.1894908,0.210784409
Boys,1985,8,122.4381031,0.199455168
Boys,1985,9,127.4997942,0.194521726
Boys,1985,10,132.7080987,0.187002286
Boys,1985,11,137.8513967,0.186425087
Boys,1985,12,143.6668543,0.191759205
Boys,1985,13,150.399508,0.197734573
Boys,1985,14,156.7003194,0.206760427
Boys,1985,15,161.4480632,0.208374899
Boys,1985,16,164.2988318,0.218638047
Boys,1985,17,166.0332736,0.230721406
Boys,1985,18,167.1201774,0.245360693
Boys,1985,19,168.0335872,0.263851151
Boys,1986,5,105.7089549,0.257771695
Boys,1986,6,111.6906906,0.226467242
Boys,1986,7,117.2321211,0.208762405
Boys,1986,8,122.4658998,0.196875619
Boys,1986,9,127.5186526,0.190496448
Boys,1986,10,132.7328904,0.181914793
Boys,1986,11,137.8854045,0.179727145
Boys,1986,12,143.7184985,0.183092555
Boys,1986,13,150.4615566,0.187923629
Boys,1986,14,156.7623189,0.196347955
Boys,1986,15,161.5088041,0.198320336
Boys,1986,16,164.353437,0.207125287
Boys,1986,17,166.0856552,0.216896373
Boys,1986,18,167.1593085,0.227113262
Boys,1986,19,168.0619344,0.236640095
Boys,1987,5,105.769151,0.256751079
Boys,1987,6,111.750492,0.225304318
Boys,1987,7,117.287008,0.206834304
Boys,1987,8,122.5080515,0.194085802
Boys,1987,9,127.546407,0.187376729
Boys,1987,10,132.7469113,0.17699179
Boys,1987,11,137.8980576,0.174397368
Boys,1987,12,143.7410066,0.176305275
Boys,1987,13,150.5037844,0.179195938
Boys,1987,14,156.8190871,0.186469991
Boys,1987,15,161.5835416,0.188423967
Boys,1987,16,164.4214483,0.19679357
Boys,1987,17,166.14972,0.204949795
Boys,1987,18,167.222551,0.212967027
Boys,1987,19,168.1111681,0.217812798
Boys,1988,5,105.8269738,0.25553991
Boys,1988,6,111.8116506,0.223396472
Boys,1988,7,117.3477743,0.204812031
Boys,1988,8,122.564185,0.191371525
Boys,1988,9,127.5902892,0.183989009
Boys,1988,10,132.7619849,0.173324498
Boys,1988,11,137.9002572,0.169428657
Boys,1988,12,143.7428718,0.170936974
Boys,1988,13,150.5184472,0.172308401
Boys,1988,14,156.8580165,0.177777972
Boys,1988,15,161.6610846,0.178619236
Boys,1988,16,164.501703,0.186543391
Boys,1988,17,166.226043,0.194076189
Boys,1988,18,167.2961625,0.200688619
Boys,1988,19,168.1821141,0.203485028
Boys,1989,5,105.883136,0.254351712
Boys,1989,6,111.8704583,0.221500633
Boys,1989,7,117.4101944,0.202180968
Boys,1989,8,122.6266432,0.188590453
Boys,1989,9,127.6486414,0.180714629
Boys,1989,10,132.7872398,0.169743838
Boys,1989,11,137.9073382,0.165635926
Boys,1989,12,143.7387362,0.166050485
Boys,1989,13,150.5170279,0.166964734
Boys,1989,14,156.8740352,0.170859609
Boys,1989,15,161.7237611,0.16941825
Boys,1989,16,164.5819155,0.176376936
Boys,1989,17,166.3126526,0.183355445
Boys,1989,18,167.3800359,0.189436548
Boys,1989,19,168.2601985,0.191083772
Boys,1990,5,105.9462994,0.253129828
Boys,1990,6,111.9275363,0.21967006
Boys,1990,7,117.4702851,0.199743754
Boys,1990,8,122.6908472,0.18541363
Boys,1990,9,127.7133906,0.17738941
Boys,1990,10,132.8253092,0.166637119
Boys,1990,11,137.9302019,0.16199416
Boys,1990,12,143.7453208,0.162201523
Boys,1990,13,150.5153318,0.162005996
Boys,1990,14,156.878705,0.1654778
Boys,1990,15,161.7583471,0.161762357
Boys,1990,16,164.6453772,0.167027205
Boys,1990,17,166.3982945,0.172860875
Boys,1990,18,167.4731358,0.178532946
Boys,1990,19,168.3461155,0.179784802
Boys,1991,5,106.0270395,0.251851962
Boys,1991,6,111.9925775,0.217976291
Boys,1991,7,117.5296474,0.197472361
Boys,1991,8,122.7537215,0.182493283
Boys,1991,9,127.7810104,0.173841831
Boys,1991,10,132.8726043,0.163663874
Boys,1991,11,137.9709155,0.158979154
Boys,1991,12,143.7724979,0.158516184
Boys,1991,13,150.5285822,0.158153205
Boys,1991,14,156.8862918,0.160340997
Boys,1991,15,161.7693598,0.155540478
Boys,1991,16,164.6801646,0.159238412
Boys,1991,17,166.4674218,0.163354151
Boys,1991,18,167.5655141,0.16813543
Boys,1991,19,168.4400219,0.16898916
Boys,1992,5,106.1252658,0.250870188
Boys,1992,6,112.0764026,0.216289053
Boys,1992,7,117.5981869,0.195575529
Boys,1992,8,122.8170913,0.179961546
Boys,1992,9,127.848437,0.17060647
Boys,1992,10,132.9261284,0.160624342
Boys,1992,11,ERROR,ERROR
Boys,1992,12,143.8197118,0.155615603
Boys,1992,13,150.5638365,0.154262189
Boys,1992,14,156.9092101,0.156477315
Boys,1992,15,161.7663785,0.149843538
Boys,1992,16,164.6928599,0.152814335
Boys,1992,17,166.5096958,0.155226985
Boys,1992,18,167.6422697,0.158896971
Boys,1992,19,168.5326529,0.158988395
Boys,1993,5,106.2431301,0.249189637
Boys,1993,6,112.1766883,0.215138754
Boys,1993,7,117.6845372,0.193950946
Boys,1993,8,122.8884571,0.178079768
Boys,1993,9,127.9148945,0.167997505
Boys,1993,10,132.9823817,0.157868152
Boys,1993,11,138.083105,0.152819273
Boys,1993,12,143.8795117,0.152705056
Boys,1993,13,150.6195681,0.151114603
Boys,1993,14,156.9536605,0.152421176
Boys,1993,15,161.7633775,0.145707113
Boys,1993,16,164.694897,0.14695278
Boys,1993,17,166.5320182,0.148519713
Boys,1993,18,167.6929465,0.150841897
Boys,1993,19,168.6088547,0.150244069
Boys,1994,5,106.3742977,0.24781347
Boys,1994,6,112.2936269,0.213419423
Boys,1994,7,117.784272,0.193037078
Boys,1994,8,122.9743474,0.176736398
Boys,1994,9,127.9856167,0.166203588
Boys,1994,10,133.0407713,0.155493408
Boys,1994,11,138.1450214,0.149900113
Boys,1994,12,143.9457518,0.149408008
Boys,1994,13,150.6862656,0.147948357
Boys,1994,14,157.0163227,0.148981545
Boys,1994,15,161.7725723,0.141622417
Boys,1994,16,164.7023086,0.14268242
Boys,1994,17,166.5470135,0.142462007
Boys,1994,18,167.7248955,0.144177872
Boys,1994,19,168.6597824,0.142662066
Boys,1995,5,106.5096201,0.246694432
Boys,1995,6,112.4201184,0.212142732
Boys,1995,7,117.8967144,0.191625017
Boys,1995,8,123.0693967,0.17612942
Boys,1995,9,128.0663348,0.165141683
Boys,1995,10,133.1087108,0.153563759
Boys,1995,11,138.2080796,0.147134691
Boys,1995,12,144.0126523,0.146428406
Boys,1995,13,150.757556,0.144339274
Boys,1995,14,157.0876393,0.145588508
Boys,1995,15,161.7989734,0.138167672
Boys,1995,16,164.7264263,0.138667685
Boys,1995,17,166.5697037,0.138101321
Boys,1995,18,167.7507633,0.138218047
Boys,1995,19,168.6938698,0.136331124
Boys,1996,5,106.6327385,0.246068819
Boys,1996,6,112.5473175,0.211147568
Boys,1996,7,118.0149069,0.190572851
Boys,1996,8,123.1730501,0.175077852
Boys,1996,9,128.1518309,0.164796691
Boys,1996,10,133.1969998,0.15196855
Boys,1996,11,138.2822382,0.14479709
Boys,1996,12,144.0820972,0.14339175
Boys,1996,13,150.8305856,0.141077443
Boys,1996,14,157.1642894,0.14179075
Boys,1996,15,161.8396607,0.135000104
Boys,1996,16,164.7693911,0.135174052
Boys,1996,17,166.6093276,0.134053113
Boys,1996,18,167.7846918,0.133998985
Boys,1996,19,168.724316,0.130889922
Boys,1997,5,106.741845,0.246218963
Boys,1997,6,112.6602495,0.210735302
Boys,1997,7,118.1314923,0.189728335
Boys,1997,8,123.2798757,0.174188337
Boys,1997,9,128.2431626,0.164103175
Boys,1997,10,133.3048791,0.150630615
Boys,1997,11,138.3775952,0.142992331
Boys,1997,12,144.1632381,0.140901663
Boys,1997,13,150.9064521,0.137832428
Boys,1997,14,157.2425333,0.138365137
Boys,1997,15,161.8908782,0.131540056
Boys,1997,16,164.8247256,0.13202857
Boys,1997,17,166.6655794,0.130415715
Boys,1997,18,167.8342705,0.130174394
Boys,1997,19,168.7640298,0.127186567
Boys,1998,5,106.8288391,0.247709049
Boys,1998,6,112.7585346,0.211101844
Boys,1998,7,118.2328207,0.189417842
Boys,1998,8,123.3840716,0.173450381
Boys,1998,9,128.3366205,0.163366267
Boys,1998,10,133.4316233,0.148808214
Boys,1998,11,138.4884481,0.141771641
Boys,1998,12,144.2610796,0.139169521
Boys,1998,13,150.9890864,0.135446321
Boys,1998,14,157.3185205,0.135134932
Boys,1998,15,161.9484438,0.128344606
Boys,1998,16,164.8879829,0.128596332
Boys,1998,17,166.7312233,0.127088262
Boys,1998,18,167.8985694,0.126760168
Boys,1998,19,168.8197714,0.124363263
Boys,1999,5,106.8899223,0.249890055
Boys,1999,6,112.8364956,0.212632223
Boys,1999,7,118.3210927,0.189713676
Boys,1999,8,123.4744583,0.17309963
Boys,1999,9,128.4291729,0.162701441
Boys,1999,10,133.5674717,0.146802009
Boys,1999,11,138.6110064,0.14038056
Boys,1999,12,144.366907,0.138223951
Boys,1999,13,151.0808201,0.134012014
Boys,1999,14,157.3938666,0.132996134
Boys,1999,15,162.0106913,0.125193894
Boys,1999,16,164.9533684,0.125389475
Boys,1999,17,166.8006104,0.123368995
Boys,1999,18,167.9693123,0.123613454
Boys,1999,19,168.8895717,0.122174734
Boys,2000,5,106.942022,0.252462777
Boys,2000,6,112.8914228,0.214571282
Boys,2000,7,118.391654,0.190945402
Boys,2000,8,123.5544697,0.173193877
Boys,2000,9,128.5106142,0.162286744
Boys,2000,10,133.7011219,0.144971208
Boys,2000,11,138.735653,0.138815482
Boys,2000,12,144.4773445,0.137205555
Boys,2000,13,151.1736628,0.133277792
Boys,2000,14,157.4720807,0.131834225
Boys,2000,15,162.0840402,0.122942371
Boys,2000,16,165.0197196,0.122214641
Boys,2000,17,166.8685513,0.119954725
Boys,2000,18,168.0413137,0.120016015
Boys,2000,19,168.9651307,0.120365387
Boys,2001,5,107.0020899,0.255754741
Boys,2001,6,112.9386189,0.216818569
Boys,2001,7,118.4401221,0.192544552
Boys,2001,8,123.6176159,0.17413714
Boys,2001,9,128.5826412,0.162265113
Boys,2001,10,133.8151959,0.1435218
Boys,2001,11,138.8523547,0.137373838
Boys,2001,12,144.5841382,0.136044142
Boys,2001,13,151.2657625,0.132381111
Boys,2001,14,157.5468124,0.13120866
Boys,2001,15,162.1793383,0.121389857
Boys,2001,16,165.0969652,0.119825103
Boys,2001,17,166.9368348,0.116806697
Boys,2001,18,168.1115566,0.116718904
Boys,2001,19,169.0429856,0.118436666
Boys,2002,5,107.1061392,0.25849695
Boys,2002,6,112.9942434,0.219993645
Boys,2002,7,118.4813914,0.194392456
Boys,2002,8,123.6589563,0.175502466
Boys,2002,9,128.6379885,0.163008367
Boys,2002,10,133.9086247,0.142614385
Boys,2002,11,138.9470956,0.136366886
Boys,2002,12,144.6809624,0.134974368
Boys,2002,13,151.3527098,0.131454022
Boys,2002,14,157.6200247,0.130374748
Boys,2002,15,162.2954562,0.120370766
Boys,2002,16,165.1951974,0.118183421
Boys,2002,17,167.014989,0.114423947
Boys,2002,18,168.1817582,0.114003821
Boys,2002,19,169.1198642,0.116662907
Boys,2003,5,107.265086,0.260049667
Boys,2003,6,113.0967194,0.222283832
Boys,2003,7,118.5343077,0.197206658
Boys,2003,8,123.6964338,0.176928605
Boys,2003,9,128.6746901,0.164130964
Boys,2003,10,133.9753099,0.142695945
Boys,2003,11,139.0217803,0.135888718
Boys,2003,12,144.7567687,0.134375474
Boys,2003,13,151.4313333,0.130741279
Boys,2003,14,157.6904252,0.129604641
Boys,2003,15,162.4298749,0.119331431
Boys,2003,16,165.3084811,0.117496474
Boys,2003,17,167.1095504,0.11301499
Boys,2003,18,168.2585124,0.112104393
Boys,2003,19,169.1942377,0.115414947
Boys,2004,5,107.4741664,0.261141396
Boys,2004,6,113.2572041,0.222924446
Boys,2004,7,118.6376506,0.198857862
Boys,2004,8,123.7495059,0.179331862
Boys,2004,9,128.7116344,0.165118187
Boys,2004,10,134.0145621,0.143521279
Boys,2004,11,139.0744892,0.136210343
Boys,2004,12,144.8178162,0.134242952
Boys,2004,13,151.4946643,0.13040133
Boys,2004,14,157.7588324,0.129128944
Boys,2004,15,162.5707436,0.118472095
Boys,2004,16,165.4327141,0.117036288
Boys,2004,17,167.2135287,0.112924683
Boys,2004,18,168.3472351,0.111466881
Boys,2004,19,169.2704117,0.114792526
Boys,2005,5,107.7255614,0.263042929
Boys,2005,6,113.4702047,0.222957307
Boys,2005,7,118.801821,0.198561671
Boys,2005,8,123.8562406,0.180420482
Boys,2005,9,128.7677583,0.167103103
Boys,2005,10,134.0456656,0.144416835
Boys,2005,11,139.1054151,0.137033446
Boys,2005,12,144.8627111,0.134729275
Boys,2005,13,151.5493846,0.130457199
Boys,2005,14,157.8181075,0.128918829
Boys,2005,15,162.7053692,0.117905432
Boys,2005,16,165.5580105,0.116657035
Boys,2005,17,167.3245621,0.112995363
Boys,2005,18,168.4418003,0.112278091
Boys,2005,19,169.3535806,0.115451007
Boys,2006,5,107.9864347,0.265523988
Boys,2006,6,113.7272751,0.223828982
Boys,2006,7,119.0205072,0.197760885
Boys,2006,8,124.0261655,0.179411245
Boys,2006,9,128.8802814,0.167774009
Boys,2006,10,134.0862366,0.146868041
Boys,2006,11,139.1306979,0.137767219
Boys,2006,12,144.8880728,0.135510124
Boys,2006,13,151.5900954,0.131061309
Boys,2006,14,157.8709293,0.129111768
Boys,2006,15,162.8159037,0.117599541
Boys,2006,16,165.6742969,0.116244554
Boys,2006,17,167.4348707,0.113129768
Boys,2006,18,168.5412088,0.113000059
Boys,2006,19,169.4382074,0.117330623
Boys,2007,5,108.2375301,0.268779149
Boys,2007,6,113.9945851,0.225766187
Boys,2007,7,119.2840111,0.198035926
Boys,2007,8,124.2515495,0.178214068
Boys,2007,9,129.0572431,0.166433343
Boys,2007,10,134.1716672,0.148360366
Boys,2007,11,139.1657554,0.139984466
Boys,2007,12,144.9079935,0.136151395
Boys,2007,13,151.6110779,0.131876577
Boys,2007,14,157.9093293,0.129805649
Boys,2007,15,162.9015241,0.117750907
Boys,2007,16,165.7674816,0.116096803
Boys,2007,17,167.5376143,0.11289797
Boys,2007,18,168.6402861,0.113846664
Boys,2007,19,169.5256605,0.118804789
Boys,2008,5,108.4505831,0.271634301
Boys,2008,6,114.2518172,0.229077365
Boys,2008,7,119.5574734,0.199866372
Boys,2008,8,124.5215206,0.178451536
Boys,2008,9,129.2896168,0.16532236
Boys,2008,10,134.3126307,0.148104029
Boys,2008,11,139.2487419,0.141356938
Boys,2008,12,144.9409696,0.138056023
Boys,2008,13,151.6298374,0.132608602
Boys,2008,14,157.9308064,0.130647575
Boys,2008,15,162.9566401,0.118408282
Boys,2008,16,165.8391427,0.116424513
Boys,2008,17,167.6205904,0.112950581
Boys,2008,18,168.7341262,0.114214927
Boys,2008,19,169.6131201,0.120460599
Boys,2009,5,108.6307235,0.274293063
Boys,2009,6,114.4694135,0.232433361
Boys,2009,7,119.8194503,0.203700917
Boys,2009,8,124.8001448,0.180688187
Boys,2009,9,129.5653765,0.166039525
Boys,2009,10,134.5038292,0.148305194
Boys,2009,11,139.3901857,0.141357194
Boys,2009,12,145.0250689,0.139298158
Boys,2009,13,151.6649738,0.134411956
Boys,2009,14,157.9532375,0.131538435
Boys,2009,15,162.98164,0.119334671
Boys,2009,16,165.8872008,0.117208726
Boys,2009,17,167.6883632,0.11347877
Boys,2009,18,168.8131562,0.114987085
Boys,2009,19,169.6990689,0.121853503
Boys,2010,5,108.7866364,0.277487122
Boys,2010,6,114.6523499,0.236032202
Boys,2010,7,120.0403302,0.207871469
Boys,2010,8,125.0659927,0.185475578
Boys,2010,9,129.8486138,0.169073988
Boys,2010,10,134.7372208,0.150519396
Boys,2010,11,139.5843246,0.142081792
Boys,2010,12,145.1703597,0.139628822
Boys,2010,13,151.75417,0.135680106
Boys,2010,14,157.9950382,0.133431943
Boys,2010,15,162.996953,0.120520291
Boys,2010,16,165.9119377,0.118327277
Boys,2010,17,167.7384692,0.114514798
Boys,2010,18,168.8821221,0.116215547
Boys,2010,19,169.7746953,0.123887643
Boys,2011,5,108.9249161,0.281582425
Boys,2011,6,114.8106314,0.240599627
Boys,2011,7,120.2263544,0.212641208
Boys,2011,8,125.2907733,0.190698517
Boys,2011,9,130.1192369,0.175030329
Boys,2011,10,134.9801091,0.155022709
Boys,2011,11,139.8229694,0.145131488
Boys,2011,12,145.3707816,0.140909044
Boys,2011,13,151.9071524,0.136287278
Boys,2011,14,158.0935751,0.134916987
Boys,2011,15,163.0205656,0.123010583
Boys,2011,16,165.9295588,0.119770041
Boys,2011,17,167.7672601,0.116068942
Boys,2011,18,168.9352008,0.117995355
Boys,2011,19,169.8422443,0.126338739
Boys,2012,5,109.0481975,0.287989931
Boys,2012,6,114.9509202,0.24655076
Boys,2012,7,120.387549,0.21881192
Boys,2012,8,125.4806918,0.196838835
Boys,2012,9,130.3489183,0.181433103
Boys,2012,10,135.2140138,0.162508451
Boys,2012,11,140.0729409,0.150763948
Boys,2012,12,145.6174292,0.14484802
Boys,2012,13,152.1170004,0.138050889
Boys,2012,14,158.2576415,0.135989205
Boys,2012,15,163.0881814,0.12515346
Boys,2012,16,165.9559512,0.122697384
Boys,2012,17,167.7894564,0.118005861
Boys,2012,18,168.9674016,0.120341099
Boys,2012,19,169.8944932,0.129355842
Boys,2013,5,109.166416,0.297580898
Boys,2013,6,115.0744893,0.255086433
Boys,2013,7,120.5291286,0.226769757
Boys,2013,8,125.6441795,0.204827781
Boys,2013,9,130.5421225,0.189011098
Boys,2013,10,135.4112964,0.170177801
Boys,2013,11,140.3147732,0.159549749
Boys,2013,12,145.8761867,0.151591047
Boys,2013,13,152.3736975,0.14293663
Boys,2013,14,158.4790679,0.138413121
Boys,2013,15,163.2116197,0.127060129
Boys,2013,16,166.0302822,0.12541899
Boys,2013,17,167.8243303,0.121517896
Boys,2013,18,168.9968119,0.123049003
Boys,2013,19,169.9295208,0.132814421
Boys,2014,5,109.2729707,0.311892691
Boys,2014,6,115.1913079,0.267439137
Boys,2014,7,120.652239,0.237478184
Boys,2014,8,125.7861916,0.214830776
Boys,2014,9,130.7068407,0.198745465
Boys,2014,10,135.577819,0.178795113
Boys,2014,11,140.5196995,0.168493176
Boys,2014,12,146.126612,0.161512908
Boys,2014,13,152.6422239,0.150809068
Boys,2014,14,158.7468272,0.144309717
Boys,2014,15,163.3868434,0.13039461
Boys,2014,16,166.1641768,0.128325054
Boys,2014,17,167.9109184,0.125021551
Boys,2014,18,169.0428645,0.127231425
Boys,2014,19,169.9660164,0.136445114
Boys,2015,5,109.3671769,0.332581384
Boys,2015,6,115.2953565,0.284924399
Boys,2015,7,120.7674036,0.25236369
Boys,2015,8,125.9083085,0.227636351
Boys,2015,9,130.8484136,0.210540989
Boys,2015,10,135.7226699,0.189404235
Boys,2015,11,140.6931721,0.178277379
Boys,2015,12,146.339555,0.171479791
Boys,2015,13,152.9017484,0.161873509
Boys,2015,14,159.0255176,0.153164515
Boys,2015,15,163.6066482,0.137384838
Boys,2015,16,166.3525947,0.133031617
Boys,2015,17,168.0598087,0.128941259
Boys,2015,18,169.1436502,0.131681985
Boys,2015,19,170.0227913,0.141476964
Boys,2016,5,109.4525152,0.361392836
Boys,2016,6,115.3869931,0.30904592
Boys,2016,7,120.869663,0.272514577
Boys,2016,8,126.022219,0.244738567
Boys,2016,9,130.9696169,0.225068641
Boys,2016,10,135.852537,0.201907634
Boys,2016,11,140.8453046,0.190033992
Boys,2016,12,146.5214314,0.182087642
Boys,2016,13,153.1241281,0.172718137
Boys,2016,14,159.2952934,0.165045084
Boys,2016,15,163.8386351,0.147135071
Boys,2016,16,166.5874971,0.141304153
Boys,2016,17,168.2648971,0.135058231
Boys,2016,18,169.3086751,0.136573711
Boys,2016,19,170.1369984,0.147128224
Boys,2017,5,109.5361309,0.397762292
Boys,2017,6,115.4697888,0.34144683
Boys,2017,7,120.9593769,0.299259607
Boys,2017,8,126.1229679,0.267080199
Boys,2017,9,131.0822382,0.243833051
Boys,2017,10,135.9697818,0.216877017
Boys,2017,11,140.9823549,0.203689661
Boys,2017,12,146.6817463,0.194507178
Boys,2017,13,153.3150252,0.184051994
Boys,2017,14,159.5272339,0.176453271
Boys,2017,15,164.0643706,0.159612215
Boys,2017,16,166.8354417,0.152129756
Boys,2017,17,168.5168438,0.144565775
Boys,2017,18,169.5304425,0.143766333
Boys,2017,19,170.3168328,0.153155156
Boys,2018,5,109.6178981,0.443015579
Boys,2018,6,115.550022,0.381379672
Boys,2018,7,121.039152,0.334123148
Boys,2018,8,126.209874,0.295844282
Boys,2018,9,131.1802533,0.267710257
Boys,2018,10,136.0838712,0.235916555
Boys,2018,11,141.1048349,0.219725647
Boys,2018,12,146.8247038,0.208848743
Boys,2018,13,153.4817079,0.196989321
Boys,2018,14,159.7246822,0.188271267
Boys,2018,15,164.2561092,0.171337739
Boys,2018,16,167.0768149,0.165215833
Boys,2018,17,168.7811329,0.15660322
Boys,2018,18,169.7984833,0.154138558
Boys,2018,19,170.5536597,0.160959948
Boys,2019,5,109.6968373,0.496534462
Boys,2019,6,115.6272503,0.429927689
Boys,2019,7,121.1149195,0.376357762
Boys,2019,8,126.2851871,0.332443939
Boys,2019,9,131.2626232,0.297781086
Boys,2019,10,136.1876104,0.259889676
Boys,2019,11,141.2216574,0.239668726
Boys,2019,12,146.9501112,0.225524087
Boys,2019,13,153.627616,0.211831119
Boys,2019,14,159.8941058,0.201555106
Boys,2019,15,164.4194765,0.183202262
Boys,2019,16,167.2824827,0.177384998
Boys,2019,17,169.0369897,0.170473623
Boys,2019,18,170.0772881,0.166843885
Boys,2019,19,170.8359944,0.171839002
Girls,1985,5,105.4730619,0.174616702
Girls,1985,6,111.486208,0.152295527
Girls,1985,7,117.0281413,0.139697694
Girls,1985,8,122.3874883,0.134041613
Girls,1985,9,127.8515933,0.12892027
Girls,1985,10,133.9421296,0.132641153
Girls,1985,11,140.1878264,0.130977402
Girls,1985,12,145.7975591,0.131973918
Girls,1985,13,149.7934476,0.13058987
Girls,1985,14,152.372304,0.131975181
Girls,1985,15,154.1970668,0.137951052
Girls,1985,16,155.1251318,0.142223284
Girls,1985,17,155.65265,0.147459672
Girls,1985,18,156.0297902,0.151134782
Girls,1985,19,156.5014832,0.159995775
Girls,1986,5,105.5082197,0.173347284
Girls,1986,6,111.5155031,0.150456824
Girls,1986,7,117.0518225,0.137658263
Girls,1986,8,122.4096709,0.131913858
Girls,1986,9,127.8743464,0.126349603
Girls,1986,10,133.9582519,0.128085626
Girls,1986,11,140.207415,0.126265146
Girls,1986,12,145.8229025,0.12696888
Girls,1986,13,149.8207187,0.124832916
Girls,1986,14,152.4008384,0.125582884
Girls,1986,15,154.2273573,0.132044836
Girls,1986,16,155.1508141,0.13549117
Girls,1986,17,155.6746474,0.138927895
Girls,1986,18,156.04759,0.139729624
Girls,1986,19,156.5174954,0.145192935
Girls,1987,5,105.5477897,0.172222489
Girls,1987,6,111.5505359,0.148915791
Girls,1987,7,117.0821308,0.135715496
Girls,1987,8,122.4356792,0.129865575
Girls,1987,9,127.900397,0.124154177
Girls,1987,10,133.9639709,0.124003878
Girls,1987,11,140.2163674,0.121763033
Girls,1987,12,145.836667,0.122385041
Girls,1987,13,149.841944,0.119688013
Girls,1987,14,152.4263839,0.119607053
Girls,1987,15,154.2669928,0.126496503
Girls,1987,16,155.1870806,0.129290511
Girls,1987,17,155.7063043,0.132022385
Girls,1987,18,156.0749193,0.130895781
Girls,1987,19,156.539685,0.133667481
Girls,1988,5,105.5905983,0.170984604
Girls,1988,6,111.5904006,0.147405241
Girls,1988,7,117.1185645,0.133938073
Girls,1988,8,122.4685499,0.127879503
Girls,1988,9,127.9301069,0.122019549
Girls,1988,10,133.9656712,0.120445032
Girls,1988,11,140.2169485,0.117953248
Girls,1988,12,145.8422817,0.118209205
Girls,1988,13,149.8547099,0.11521638
Girls,1988,14,152.449142,0.114497014
Girls,1988,15,154.3093973,0.121097187
Girls,1988,16,155.2305363,0.123417082
Girls,1988,17,155.7465154,0.125625874
Girls,1988,18,156.1097792,0.123764296
Girls,1988,19,156.5689752,0.124868109
Girls,1989,5,105.6380896,0.169831489
Girls,1989,6,111.6328968,0.145829656
Girls,1989,7,117.15901,0.132220105
Girls,1989,8,122.5064383,0.125952808
Girls,1989,9,127.9652352,0.119936547
Girls,1989,10,133.9683085,0.117304595
Girls,1989,11,140.2178279,0.114727008
Girls,1989,12,145.8443289,0.1148633
Girls,1989,13,149.8641781,0.111245067
Girls,1989,14,152.4683518,0.110290755
Girls,1989,15,154.3487602,0.116023533
Girls,1989,16,155.2738229,0.117675652
Girls,1989,17,155.7912098,0.119578866
Girls,1989,18,156.150387,0.117231841
Girls,1989,19,156.6024581,0.117778445
Girls,1990,5,105.6932818,0.168752383
Girls,1990,6,111.6796117,0.144393683
Girls,1990,7,117.20138,0.130443445
Girls,1990,8,122.5473495,0.124145592
Girls,1990,9,128.0040725,0.117849815
Girls,1990,10,133.9790459,0.114697939
Girls,1990,11,140.224149,0.111853672
Girls,1990,12,145.851051,0.112009474
Girls,1990,13,149.8742782,0.108112943
Girls,1990,14,152.4878504,0.106528705
Girls,1990,15,154.3770437,0.111228903
Girls,1990,16,155.3124218,0.112346696
Girls,1990,17,155.8342294,0.113730537
Girls,1990,18,156.1938352,0.111121026
Girls,1990,19,156.639364,0.111440776
Girls,1991,5,105.7588905,0.167572366
Girls,1991,6,111.734551,0.143081091
Girls,1991,7,117.2484199,0.128814042
Girls,1991,8,122.5905435,0.122284707
Girls,1991,9,128.0462438,0.115916196
Girls,1991,10,134.0003918,0.112336058
Girls,1991,11,140.2416843,0.109493866
Girls,1991,12,145.8657539,0.109363454
Girls,1991,13,149.8909433,0.10535994
Girls,1991,14,152.5092137,0.103509653
Girls,1991,15,154.3935339,0.106319839
Girls,1991,16,155.3395639,0.107333183
Girls,1991,17,155.872099,0.108400715
Girls,1991,18,156.2349246,0.105280114
Girls,1991,19,156.677687,0.10547521
Girls,1992,5,105.8360778,0.16699186
Girls,1992,6,111.801282,0.141611431
Girls,1992,7,117.304928,0.127369244
Girls,1992,8,122.6395301,0.120558955
Girls,1992,9,128.0916603,0.113975892
Girls,1992,10,134.0318311,0.110272577
Girls,1992,11,140.2703515,0.107243928
Girls,1992,12,145.8917328,0.107213909
Girls,1992,13,149.9149398,0.102733875
Girls,1992,14,152.5358056,0.100782732
Girls,1992,15,154.3987977,0.101911
Girls,1992,16,155.3566042,0.102391708
Girls,1992,17,155.9000643,0.103513084
Girls,1992,18,156.2718419,0.100167256
Girls,1992,19,156.7139942,0.099839203
Girls,1993,5,105.926674,0.166267016
Girls,1993,6,111.8798644,0.140601956
Girls,1993,7,117.3731879,0.125800667
Girls,1993,8,122.6975608,0.119057745
Girls,1993,9,128.1420666,0.112141347
Girls,1993,10,134.0715702,0.108316022
Girls,1993,11,140.3086388,0.105306897
Girls,1993,12,145.9279869,0.105083099
Girls,1993,13,149.9489578,0.100584296
Girls,1993,14,152.5679317,0.098159127
Girls,1993,15,154.3998841,0.097957159
Girls,1993,16,155.3656501,0.098100172
Girls,1993,17,155.9205391,0.098991955
Girls,1993,18,156.301172,0.095722443
Girls,1993,19,156.7479801,0.095131574
Girls,1994,5,106.0298121,0.1656955
Girls,1994,6,111.9708781,0.139461844
Girls,1994,7,117.4519706,0.12464006
Girls,1994,8,122.7656418,0.117472269
Girls,1994,9,128.1994174,0.110544207
Girls,1994,10,134.1198992,0.106490076
Girls,1994,11,140.3531953,0.10345773
Girls,1994,12,145.9714436,0.103321699
Girls,1994,13,149.9905303,0.098379403
Girls,1994,14,152.6071766,0.09595516
Girls,1994,15,154.4027137,0.09438155
Girls,1994,16,155.3750318,0.094354545
Girls,1994,17,155.9368717,0.095227816
Girls,1994,18,156.3263734,0.091882629
Girls,1994,19,156.7780766,0.09129799
Girls,1995,5,106.1454379,0.165188064
Girls,1995,6,112.072281,0.138524418
Girls,1995,7,117.5408018,0.123474901
Girls,1995,8,122.8416315,0.116260229
Girls,1995,9,128.2640116,0.108907863
Girls,1995,10,134.1786575,0.104957497
Girls,1995,11,140.4044483,0.101706948
Girls,1995,12,146.0189899,0.10165232
Girls,1995,13,150.0369244,0.096590929
Girls,1995,14,152.6514834,0.09364455
Girls,1995,15,154.4151437,0.091514049
Girls,1995,16,155.3895567,0.090975305
Girls,1995,17,155.9562459,0.091974021
Girls,1995,18,156.3501664,0.088795626
Girls,1995,19,156.8073807,0.088257403
Girls,1996,5,106.2718992,0.164692061
Girls,1996,6,112.1833333,0.137745642
Girls,1996,7,117.637021,0.122541077
Girls,1996,8,122.9245626,0.11517712
Girls,1996,9,128.3333552,0.107597057
Girls,1996,10,134.2508027,0.103476522
Girls,1996,11,140.4666591,0.100190458
Girls,1996,12,146.07364,0.100067023
Girls,1996,13,150.0876719,0.094973558
Girls,1996,14,152.7007782,0.091781136
Girls,1996,15,154.4397472,0.088751735
Girls,1996,16,155.4147157,0.088241929
Girls,1996,17,155.9814209,0.08898459
Girls,1996,18,156.3778849,0.086116871
Girls,1996,19,156.8371106,0.086052212
Girls,1997,5,106.4026182,0.164313682
Girls,1997,6,112.3027896,0.137038503
Girls,1997,7,117.7404631,0.1217897
Girls,1997,8,123.0124832,0.114339532
Girls,1997,9,128.4073471,0.106474272
Girls,1997,10,134.3368359,0.102241384
Girls,1997,11,140.542737,0.098740101
Girls,1997,12,146.1395479,0.098635724
Girls,1997,13,150.1456639,0.093428634
Girls,1997,14,152.7543825,0.090199922
Girls,1997,15,154.4756039,0.086531533
Girls,1997,16,155.4503401,0.08556842
Girls,1997,17,156.0158486,0.08657565
Girls,1997,18,156.4105051,0.083639675
Girls,1997,19,156.8707282,0.084307244
Girls,1998,5,106.5287152,0.164401994
Girls,1998,6,112.4252389,0.136563992
Girls,1998,7,117.8509963,0.121086603
Girls,1998,8,123.1065254,0.113695696
Girls,1998,9,128.4854524,0.105596645
Girls,1998,10,134.4356757,0.101131962
Girls,1998,11,140.6298611,0.09751894
Girls,1998,12,146.2162579,0.097245739
Girls,1998,13,150.2116921,0.091969355
Girls,1998,14,152.811988,0.088638263
Girls,1998,15,154.520648,0.084746159
Girls,1998,16,155.494991,0.083412877
Girls,1998,17,156.0589281,0.084216577
Girls,1998,18,156.4513033,0.081777963
Girls,1998,19,156.9089589,0.082930135
Girls,1999,5,106.6444754,0.164904779
Girls,1999,6,112.5436297,0.136537432
Girls,1999,7,117.9651656,0.120599246
Girls,1999,8,123.2084394,0.113092447
Girls,1999,9,128.5708767,0.104950109
Girls,1999,10,134.5430009,0.10005188
Girls,1999,11,140.7251853,0.096555512
Girls,1999,12,146.2993163,0.096060101
Girls,1999,13,150.2838579,0.090511363
Girls,1999,14,152.8731165,0.0870779
Girls,1999,15,154.5748487,0.083069383
Girls,1999,16,155.5455783,0.081757181
Girls,1999,17,156.1082807,0.082353504
Girls,1999,18,156.4987139,0.079927133
Girls,1999,19,156.9541459,0.082313982
Girls,2000,5,106.7496809,0.165551066
Girls,2000,6,112.6532036,0.136939074
Girls,2000,7,118.0769407,0.120501345
Girls,2000,8,123.3158565,0.112669293
Girls,2000,9,128.6661981,0.10442504
Girls,2000,10,134.6565925,0.099080166
Girls,2000,11,140.8245241,0.095590282
Girls,2000,12,146.3862376,0.0952857
Girls,2000,13,150.3582658,0.089210456
Girls,2000,14,152.9366202,0.085492916
Girls,2000,15,154.6397663,0.081524309
Girls,2000,16,155.602728,0.080281649
Girls,2000,17,156.1613714,0.08100316
Girls,2000,18,156.5506792,0.078608008
Girls,2000,19,157.0046891,0.081691019
Girls,2001,5,106.8478336,0.166470583
Girls,2001,6,112.7528424,0.137598767
Girls,2001,7,118.180566,0.12077364
Girls,2001,8,123.421688,0.112605824
Girls,2001,9,128.7679623,0.104102323
Girls,2001,10,134.773776,0.098284949
Girls,2001,11,140.926119,0.094798337
Girls,2001,12,146.4733975,0.094518317
Girls,2001,13,150.4330892,0.088410847
Girls,2001,14,152.9993332,0.083997469
Girls,2001,15,154.7184511,0.080190559
Girls,2001,16,155.670804,0.079016299
Girls,2001,17,156.2213157,0.079948568
Girls,2001,18,156.606844,0.077802563
Girls,2001,19,157.0605807,0.081806899
Girls,2002,5,106.946221,0.167415297
Girls,2002,6,112.8454326,0.138660856
Girls,2002,7,118.2743418,0.121320773
Girls,2002,8,123.5194743,0.112829497
Girls,2002,9,128.8683126,0.104079308
Girls,2002,10,134.8886877,0.097731674
Girls,2002,11,141.0295498,0.094239884
Girls,2002,12,146.561456,0.093973513
Girls,2002,13,150.5071765,0.087677948
Girls,2002,14,153.0618918,0.083073751
Girls,2002,15,154.8112149,0.079111152
Girls,2002,16,155.752553,0.078060707
Girls,2002,17,156.2921367,0.079206946
Girls,2002,18,156.6699571,0.077435534
Girls,2002,19,157.1209576,0.0823498
Girls,2003,5,107.0527838,0.168545994
Girls,2003,6,112.9399167,0.139644906
Girls,2003,7,118.3628751,0.1222441
Girls,2003,8,123.6093121,0.113251703
Girls,2003,9,128.9625519,0.104276684
Girls,2003,10,134.994386,0.097446799
Girls,2003,11,141.1314037,0.093982857
Girls,2003,12,146.6523551,0.093673365
Girls,2003,13,150.5836328,0.087195992
Girls,2003,14,153.1255511,0.082327347
Girls,2003,15,154.9161103,0.078800592
Girls,2003,16,155.8448319,0.077293991
Girls,2003,17,156.3734327,0.078777303
Girls,2003,18,156.7409774,0.077435053
Girls,2003,19,157.1853508,0.083373064
Girls,2004,5,107.1727302,0.16924812
Girls,2004,6,113.0446768,0.140626121
Girls,2004,7,118.4555827,0.123017487
Girls,2004,8,123.696294,0.113957901
Girls,2004,9,129.0512698,0.104632048
Girls,2004,10,135.0882948,0.097457725
Girls,2004,11,141.2279545,0.093904845
Girls,2004,12,146.7458935,0.093695047
Girls,2004,13,150.6673318,0.087044417
Girls,2004,14,153.1962808,0.081864479
Girls,2004,15,155.0277718,0.078762395
Girls,2004,16,155.9443356,0.077242809
Girls,2004,17,156.4607459,0.078398799
Girls,2004,18,156.8181259,0.07768994
Girls,2004,19,157.2530243,0.084620106
Girls,2005,5,107.3094746,0.169811368
Girls,2005,6,113.1648668,0.141007456
Girls,2005,7,118.560756,0.123749507
Girls,2005,8,123.7897599,0.114516535
Girls,2005,9,129.139496,0.105237644
Girls,2005,10,135.1727165,0.097743152
Girls,2005,11,141.3171021,0.094116244
Girls,2005,12,146.8386994,0.093823877
Girls,2005,13,150.758348,0.087249787
Girls,2005,14,153.2788538,0.08182885
Girls,2005,15,155.143294,0.078898367
Girls,2005,16,156.0465527,0.077388915
Girls,2005,17,156.551548,0.078639873
Girls,2005,18,156.8975413,0.077876136
Girls,2005,19,157.3226202,0.085822648
Girls,2006,5,107.4616106,0.17081833
Girls,2006,6,113.3038427,0.141121569
Girls,2006,7,118.6834329,0.123946482
Girls,2006,8,123.8978511,0.115092847
Girls,2006,9,129.2364298,0.105766804
Girls,2006,10,135.2519798,0.098523554
Girls,2006,11,141.3986275,0.094594019
Girls,2006,12,146.925949,0.094230247
Girls,2006,13,150.8505063,0.087565916
Girls,2006,14,153.3705946,0.082163624
Girls,2006,15,155.2598223,0.079273875
Girls,2006,16,156.1497313,0.077605809
Girls,2006,17,156.6423518,0.078969444
Girls,2006,18,156.9776077,0.0785482
Girls,2006,19,157.3910871,0.086687013
Girls,2007,5,107.6270783,0.172336862
Girls,2007,6,113.4595939,0.141853585
Girls,2007,7,118.8263921,0.123926753
Girls,2007,8,124.0250005,0.115299144
Girls,2007,9,129.3496019,0.106420447
Girls,2007,10,135.3328262,0.099411358
Girls,2007,11,141.4748585,0.095586126
Girls,2007,12,147.0053984,0.094854299
Girls,2007,13,150.9368442,0.088153851
Girls,2007,14,153.4631997,0.0826605
Girls,2007,15,155.371669,0.0798533
Girls,2007,16,156.2535458,0.077918836
Girls,2007,17,156.7338126,0.079302266
Girls,2007,18,157.057109,0.079242493
Girls,2007,19,157.4590677,0.087657976
Girls,2008,5,107.798429,0.174365611
Girls,2008,6,113.6290974,0.143306697
Girls,2008,7,118.9866512,0.124663321
Girls,2008,8,124.1730865,0.115435691
Girls,2008,9,129.482568,0.106780439
Girls,2008,10,135.4229901,0.100571343
Girls,2008,11,141.5544821,0.096651057
Girls,2008,12,147.0813324,0.095943369
Girls,2008,13,151.0170808,0.088908545
Girls,2008,14,153.5515383,0.083404784
Girls,2008,15,155.472153,0.080558603
Girls,2008,16,156.3545095,0.078438806
Girls,2008,17,156.8275519,0.079631484
Girls,2008,18,157.1386654,0.07988897
Girls,2008,19,157.5273995,0.088531235
Girls,2009,5,107.9716362,0.176911541
Girls,2009,6,113.8037508,0.145518577
Girls,2009,7,119.1600899,0.126332913
Girls,2009,8,124.3380519,0.116475201
Girls,2009,9,129.6362035,0.10723061
Girls,2009,10,135.5271102,0.101520927
Girls,2009,11,141.64521,0.097958271
Girls,2009,12,147.1624189,0.097114048
Girls,2009,13,151.0954756,0.090031198
Girls,2009,14,153.6353162,0.084282306
Girls,2009,15,155.5592996,0.08132923
Girls,2009,16,156.4489774,0.079266994
Girls,2009,17,156.9229725,0.080254731
Girls,2009,18,157.2265551,0.080514008
Girls,2009,19,157.6016027,0.089318857
Girls,2010,5,108.1451779,0.180235748
Girls,2010,6,113.9791003,0.148652045
Girls,2010,7,119.3377613,0.12904672
Girls,2010,8,124.5154508,0.118622886
Girls,2010,9,129.8061102,0.108846043
Girls,2010,10,135.648307,0.102683282
Girls,2010,11,141.7518315,0.099121642
Girls,2010,12,147.2565088,0.098546716
Girls,2010,13,151.1808677,0.091422588
Girls,2010,14,153.7189794,0.085437921
Girls,2010,15,155.6360988,0.082233817
Girls,2010,16,156.5350995,0.080208252
Girls,2010,17,157.0165991,0.081332889
Girls,2010,18,157.320527,0.08153654
Girls,2010,19,157.6863104,0.090132654
Girls,2011,5,108.3165191,0.18438553
Girls,2011,6,114.1544056,0.152969093
Girls,2011,7,119.5159815,0.132994024
Girls,2011,8,124.697131,0.121977172
Girls,2011,9,129.9886244,0.111761975
Girls,2011,10,135.7854032,0.105120194
Girls,2011,11,141.8779051,0.100711534
Girls,2011,12,147.3687839,0.09995681
Girls,2011,13,151.2814681,0.093243735
Girls,2011,14,153.8117375,0.087142006
Girls,2011,15,155.7070439,0.083487735
Girls,2011,16,156.6126827,0.081402984
Girls,2011,17,157.1035116,0.082535954
Girls,2011,18,157.4142711,0.083035205
Girls,2011,19,157.7787193,0.091432248
Girls,2012,5,108.4837018,0.189829204
Girls,2012,6,114.3271127,0.158334998
Girls,2012,7,119.69396,0.138363131
Girls,2012,8,124.8792907,0.126742383
Girls,2012,9,130.1754065,0.115915689
Girls,2012,10,135.9370263,0.108813507
Girls,2012,11,142.0220255,0.103672765
Girls,2012,12,147.5026442,0.102041739
Girls,2012,13,151.4022905,0.095130086
Girls,2012,14,153.9216156,0.089478669
Girls,2012,15,155.7791426,0.085426019
Girls,2012,16,156.684364,0.083015404
Girls,2012,17,157.1818295,0.084066767
Girls,2012,18,157.5012149,0.08467215
Girls,2012,19,157.8709288,0.09314134
Girls,2013,5,108.6481013,0.19720248
Girls,2013,6,114.4942208,0.165340491
Girls,2013,7,119.8680325,0.145040142
Girls,2013,8,125.0598952,0.133032119
Girls,2013,9,130.3612652,0.121567247
Girls,2013,10,136.0961998,0.113596428
Girls,2013,11,142.181773,0.107872751
Girls,2013,12,147.6556512,0.105474084
Girls,2013,13,151.5457515,0.097937193
Girls,2013,14,154.0526273,0.091942392
Girls,2013,15,155.8611063,0.088036526
Girls,2013,16,156.7597743,0.085397376
Girls,2013,17,157.2567299,0.086082025
Girls,2013,18,157.5819609,0.086742136
Girls,2013,19,157.9587173,0.095134441
Girls,2014,5,108.8080083,0.207222865
Girls,2014,6,114.6572299,0.174476461
Girls,2014,7,120.0351493,0.153564098
Girls,2014,8,125.2351059,0.140779748
Girls,2014,9,130.5438431,0.128802277
Girls,2014,10,136.2593573,0.119737839
Girls,2014,11,142.3491054,0.113242599
Girls,2014,12,147.8243457,0.110117528
Girls,2014,13,151.7083716,0.10211217
Girls,2014,14,154.2061702,0.095500641
Girls,2014,15,155.9586821,0.09086984
Girls,2014,16,156.8477387,0.088460668
Girls,2014,17,157.3380039,0.088843435
Girls,2014,18,157.6618878,0.089259174
Girls,2014,19,158.0429192,0.097655677
Girls,2015,5,108.962589,0.220447206
Girls,2015,6,114.8150083,0.18641736
Girls,2015,7,120.1972779,0.164307664
Girls,2015,8,125.4022297,0.150449266
Girls,2015,9,130.7196488,0.13749729
Girls,2015,10,136.4251743,0.127336092
Girls,2015,11,142.5198346,0.11994147
Girls,2015,12,148.0000493,0.115974388
Girls,2015,13,151.8860076,0.107646907
Girls,2015,14,154.3780542,0.100421341
Girls,2015,15,156.0757158,0.094869496
Girls,2015,16,156.9537682,0.0918619
Girls,2015,17,157.4342077,0.092240601
Girls,2015,18,157.7505432,0.09246314
Girls,2015,19,158.1286919,0.10048922
Girls,2016,5,109.1121794,0.237170446
Girls,2016,6,114.9676896,0.201584546
Girls,2016,7,120.3542185,0.177798904
Girls,2016,8,125.5642111,0.162316245
Girls,2016,9,130.8869997,0.148146877
Girls,2016,10,136.5911026,0.136194118
Girls,2016,11,142.6932547,0.128110595
Girls,2016,12,148.1791401,0.123076542
Girls,2016,13,152.0705462,0.114311915
Girls,2016,14,154.5646692,0.106820373
Girls,2016,15,156.2112998,0.100243427
Girls,2016,16,157.0816791,0.096457969
Girls,2016,17,157.5507585,0.096042963
Girls,2016,18,157.8563534,0.096309157
Girls,2016,19,158.2254643,0.103968104
Girls,2017,5,109.2587694,0.257507483
Girls,2017,6,115.1154502,0.22028977
Girls,2017,7,120.5058946,0.19442919
Girls,2017,8,125.7206703,0.176793058
Girls,2017,9,131.0487577,0.160908604
Girls,2017,10,136.7549305,0.146893474
Girls,2017,11,142.8664262,0.137462466
Girls,2017,12,148.3603818,0.13161432
Girls,2017,13,152.2577375,0.122099895
Girls,2017,14,154.7572496,0.114214764
Girls,2017,15,156.3638649,0.107035586
Girls,2017,16,157.2297176,0.102403171
Girls,2017,17,157.6906513,0.100981823
Girls,2017,18,157.9839084,0.10052265
Girls,2017,19,158.340893,0.108158623
Girls,2018,5,109.4024424,0.281428583
Girls,2018,6,115.2591318,0.242592782
Girls,2018,7,120.651326,0.214490153
Girls,2018,8,125.8703685,0.194273646
Girls,2018,9,131.2034027,0.176173475
Girls,2018,10,136.9175888,0.159581717
Girls,2018,11,143.0356549,0.148584038
Girls,2018,12,148.5392551,0.141274093
Girls,2018,13,152.444679,0.13122823
Girls,2018,14,154.9498566,0.122577959
Girls,2018,15,156.5258967,0.114728941
Girls,2018,16,157.3947964,0.109552799
Girls,2018,17,157.8506286,0.107157779
Girls,2018,18,158.134824,0.105740533
Girls,2018,19,158.4783297,0.112549105
Girls,2019,5,109.5416767,0.308300324
Girls,2019,6,115.39812,0.268384265
Girls,2019,7,120.790684,0.238038668
Girls,2019,8,126.0117217,0.215053782
Girls,2019,9,131.3491529,0.194284223
Girls,2019,10,137.0768551,0.17471542
Girls,2019,11,143.2015253,0.161655035
Girls,2019,12,148.7116372,0.152607054
Girls,2019,13,152.6264284,0.141405639
Girls,2019,14,155.1391817,0.132137101
Girls,2019,15,156.6930732,0.123194956
Girls,2019,16,157.5679218,0.117533637
Girls,2019,17,158.0261948,0.11429063
Girls,2019,18,158.3045377,0.112038645
Girls,2019,19,158.6382689,0.117713099